{
	"credit": "Made with Blockbench",
	"textures": {
		"0": "items/arrow",
		"particle": "items/arrow"
	},
	"elements": [
		{
			"from": [5, 8, 8],
			"to": [11.5, 8.5, 8.5],
			"rotation": {"angle": 0, "axis": "y", "origin": [8.75, 8.23, 8.25]},
			"faces": {
				"north": {"uv": [0, 1, 6.5, 1.5], "texture": "#0"},
				"east": {"uv": [5.5, 1, 6, 1.5], "texture": "#0"},
				"south": {"uv": [0, 1, 6.5, 1.5], "texture": "#0"},
				"west": {"uv": [0, 1, 0.5, 1.5], "texture": "#0"},
				"up": {"uv": [0, 1, 6.5, 1.5], "texture": "#0"},
				"down": {"uv": [0, 1, 6.5, 1.5], "texture": "#0"}
			}
		},
		{
			"from": [11.5, 7.5, 8.2],
			"to": [13, 9, 8.3],
			"rotation": {"angle": 0, "axis": "y", "origin": [8.75, 8.23, 8.25]},
			"faces": {
				"north": {"uv": [6.5, 0.5, 8, 2], "rotation": 180, "texture": "#0"},
				"east": {"uv": [4.5, 3.5, 4.5, 3.5], "rotation": 180, "texture": "#0"},
				"south": {"uv": [6.5, 0.5, 8, 2], "texture": "#0"},
				"west": {"uv": [4.5, 3.5, 4.5, 3.5], "rotation": 180, "texture": "#0"},
				"up": {"uv": [4.5, 3.5, 4.5, 3.5], "rotation": 180, "texture": "#0"},
				"down": {"uv": [4.5, 3.5, 4.5, 3.5], "rotation": 180, "texture": "#0"}
			}
		},
		{
			"from": [4.5, 6.9, 8.2],
			"to": [6.5, 9.5, 8.3],
			"rotation": {"angle": 0, "axis": "y", "origin": [8.75, 8.23, 8.25]},
			"faces": {
				"north": {"uv": [0, 0, 2, 2.6], "rotation": 180, "texture": "#0"},
				"east": {"uv": [4.5, 3.5, 4.5, 3.5], "rotation": 180, "texture": "#0"},
				"south": {"uv": [0, 0, 2, 2.6], "texture": "#0"},
				"west": {"uv": [4.5, 3.5, 4.5, 3.5], "rotation": 180, "texture": "#0"},
				"up": {"uv": [4.5, 3.5, 4.5, 3.5], "rotation": 180, "texture": "#0"},
				"down": {"uv": [4.5, 3.5, 4.5, 3.5], "rotation": 180, "texture": "#0"}
			}
		},
		{
			"from": [4.5, 8.15, 6.95],
			"to": [6.5, 8.25, 9.55],
			"rotation": {"angle": 0, "axis": "x", "origin": [8.75, 8.23, 8.25]},
			"faces": {
				"north": {"uv": [4.5, 3.5, 4.5, 3.5], "rotation": 180, "texture": "#0"},
				"east": {"uv": [4.5, 3.5, 4.5, 3.5], "rotation": 180, "texture": "#0"},
				"south": {"uv": [4.5, 3.5, 4.5, 3.5], "rotation": 180, "texture": "#0"},
				"west": {"uv": [4.5, 3.5, 4.5, 3.5], "rotation": 180, "texture": "#0"},
				"up": {"uv": [0, 0, 2, 2.6], "texture": "#0"},
				"down": {"uv": [0, 0, 2, 2.6], "texture": "#0"}
			}
		},
		{
			"from": [11.5, 8.2, 7.5],
			"to": [13, 8.3, 9],
			"rotation": {"angle": 0, "axis": "x", "origin": [8.75, 8.23, 8.25]},
			"faces": {
				"north": {"uv": [4.5, 3.5, 4.5, 3.5], "rotation": 180, "texture": "#0"},
				"east": {"uv": [4.5, 3.5, 4.5, 3.5], "rotation": 180, "texture": "#0"},
				"south": {"uv": [4.5, 3.5, 4.5, 3.5], "rotation": 180, "texture": "#0"},
				"west": {"uv": [4.5, 3.5, 4.5, 3.5], "rotation": 180, "texture": "#0"},
				"up": {"uv": [6.5, 0.5, 8, 2], "texture": "#0"},
				"down": {"uv": [6.5, 0.5, 8, 2], "texture": "#0"}
			}
		}
	],
	"display": {
		"thirdperson_righthand": {
			"rotation": [33, 0, 92]
		},
		"thirdperson_lefthand": {
			"rotation": [26, 0, -88],
			"translation": [-1.25, 0, 0]
		},
		"firstperson_righthand": {
			"rotation": [26, 88, 0],
			"translation": [2.25, 1.75, 0]
		},
		"firstperson_lefthand": {
			"rotation": [-37, -105, -44],
			"translation": [3, 1.5, 0]
		},
		"gui": {
			"rotation": [47, 143, 13],
			"translation": [0.75, 0, 0],
			"scale": [1.92, 1.92, 1.92]
		}
	}
}