{
	"credit": "Made with Blockbench",
	"texture_size": [32, 32],
	"textures": {
		"0": "items/arrow",
		"1": "items/bow"
	},
	"elements": [
		{
			"from": [2, 0, 7],
			"to": [3, 5, 8],
			"rotation": {"angle": 0, "axis": "y", "origin": [10, 8, 15]},
			"faces": {
				"north": {"uv": [11.5, 2, 12, 4.5], "texture": "#1"},
				"east": {"uv": [11.5, 2, 12, 4.5], "texture": "#1"},
				"south": {"uv": [11.5, 2, 12, 4.5], "texture": "#1"},
				"west": {"uv": [11.5, 2, 12, 4.5], "texture": "#1"},
				"up": {"uv": [11.5, 2, 12, 2.5], "texture": "#1"},
				"down": {"uv": [11.5, 2, 12, 2.5], "texture": "#1"}
			}
		},
		{
			"from": [4.4, 1.1, 7.4],
			"to": [4.5, 21.1, 7.5],
			"rotation": {"angle": -45, "axis": "z", "origin": [2.5, 2.5, 7.5]},
			"faces": {
				"north": {"uv": [1.5, 0, 1.55, 8], "texture": "#1"},
				"east": {"uv": [1.5, 0, 1.55, 8], "texture": "#1"},
				"south": {"uv": [1.5, 0, 1.55, 8], "texture": "#1"},
				"west": {"uv": [1.5, 0, 1.55, 8], "texture": "#1"},
				"up": {"uv": [1.5, 0.5, 1.55, 0.55], "texture": "#1"},
				"down": {"uv": [2, 0.5, 2.05, 0.55], "texture": "#1"}
			}
		},
		{
			"from": [2.9, 4.7, 7],
			"to": [3.9, 9.7, 8],
			"rotation": {"angle": -22.5, "axis": "z", "origin": [3.4, 7.2, 7.5]},
			"faces": {
				"north": {"uv": [11.5, 2, 12, 4.5], "texture": "#1"},
				"east": {"uv": [11.5, 2, 12, 4.5], "texture": "#1"},
				"south": {"uv": [11.5, 2, 12, 4.5], "texture": "#1"},
				"west": {"uv": [11.5, 2, 12, 4.5], "texture": "#1"},
				"up": {"uv": [11.5, 2, 12, 2.5], "texture": "#1"},
				"down": {"uv": [11.5, 2, 12, 2.5], "texture": "#1"}
			}
		},
		{
			"from": [7.46292, 13.25298, 7],
			"to": [12.46292, 14.25298, 8],
			"rotation": {"angle": 22.5, "axis": "z", "origin": [9.96292, 13.75298, 7.5]},
			"faces": {
				"north": {"uv": [11.5, 2, 12, 4.5], "rotation": 90, "texture": "#1"},
				"east": {"uv": [11.5, 2, 12, 2.5], "rotation": 90, "texture": "#1"},
				"south": {"uv": [11.5, 2, 12, 4.5], "rotation": 90, "texture": "#1"},
				"west": {"uv": [11.5, 2, 12, 2.5], "rotation": 90, "texture": "#1"},
				"up": {"uv": [11.5, 2, 12, 4.5], "rotation": 90, "texture": "#1"},
				"down": {"uv": [11.5, 2, 12, 4.5], "rotation": 90, "texture": "#1"}
			}
		},
		{
			"from": [12.08232, 14.1664, 7],
			"to": [17.08232, 15.1664, 8],
			"rotation": {"angle": 0, "axis": "z", "origin": [14.58232, 15.6664, 7.5]},
			"faces": {
				"north": {"uv": [11.5, 2, 12, 4.5], "rotation": 90, "texture": "#1"},
				"east": {"uv": [11.5, 2, 12, 2.5], "rotation": 90, "texture": "#1"},
				"south": {"uv": [11.5, 2, 12, 4.5], "rotation": 90, "texture": "#1"},
				"west": {"uv": [11.5, 2, 12, 2.5], "rotation": 90, "texture": "#1"},
				"up": {"uv": [11.5, 2, 12, 4.5], "rotation": 90, "texture": "#1"},
				"down": {"uv": [11.5, 2, 12, 4.5], "rotation": 90, "texture": "#1"}
			}
		},
		{
			"from": [5.81342, 9.3194, 7.1],
			"to": [6.81342, 14.3194, 7.9],
			"rotation": {"angle": -45, "axis": "z", "origin": [5.31342, 11.8194, 7.5]},
			"faces": {
				"north": {"uv": [3, 1.5, 3.5, 4], "texture": "#1"},
				"east": {"uv": [3, 1.5, 3.4, 4], "texture": "#1"},
				"south": {"uv": [3, 1.5, 3.5, 4], "texture": "#1"},
				"west": {"uv": [3, 1.5, 3.4, 4], "texture": "#1"},
				"up": {"uv": [3, 1.5, 3.5, 1.9], "texture": "#1"},
				"down": {"uv": [3, 1.5, 3.5, 1.9], "texture": "#1"}
			}
		},
		{
			"from": [1, 8, 8],
			"to": [8.5, 8.5, 8.5],
			"rotation": {"angle": -45, "axis": "z", "origin": [8.75, 8.23, 8.25]},
			"faces": {
				"north": {"uv": [0, 1, 6.5, 1.5], "texture": "#0"},
				"east": {"uv": [0, 1, 0.5, 1.5], "texture": "#0"},
				"south": {"uv": [0, 1, 6.5, 1.5], "texture": "#0"},
				"west": {"uv": [5.5, 1, 6, 1.5], "texture": "#0"},
				"up": {"uv": [0, 1, 6.5, 1.5], "rotation": 180, "texture": "#0"},
				"down": {"uv": [0, 1, 6.5, 1.5], "rotation": 180, "texture": "#0"}
			}
		},
		{
			"from": [8.5, 8, 8],
			"to": [11.5, 8.5, 8.5],
			"rotation": {"angle": -45, "axis": "z", "origin": [8.75, 8.23, 8.25]},
			"faces": {
				"north": {"uv": [1, 1, 2.5, 1.25], "texture": "#0"},
				"east": {"uv": [1, 1, 1.25, 1.25], "texture": "#0"},
				"south": {"uv": [1, 1, 2.5, 1.25], "texture": "#0"},
				"west": {"uv": [1, 1, 1.25, 1.25], "texture": "#0"},
				"up": {"uv": [1, 1, 2.5, 1.25], "texture": "#0"},
				"down": {"uv": [1, 1, 2.5, 1.25], "texture": "#0"}
			}
		},
		{
			"from": [-0.5, 7.5, 8.2],
			"to": [2, 9, 8.3],
			"rotation": {"angle": -45, "axis": "z", "origin": [8.75, 8.23, 8.25]},
			"faces": {
				"north": {"uv": [6.5, 0.5, 8, 2], "texture": "#0"},
				"east": {"uv": [4.5, 3.5, 4.5, 3.5], "rotation": 180, "texture": "#0"},
				"south": {"uv": [6.5, 0.5, 8, 2], "rotation": 180, "texture": "#0"},
				"west": {"uv": [4.5, 3.5, 4.5, 3.5], "rotation": 180, "texture": "#0"},
				"up": {"uv": [4.5, 3.5, 4.5, 3.5], "texture": "#0"},
				"down": {"uv": [4.5, 3.5, 4.5, 3.5], "texture": "#0"}
			}
		},
		{
			"from": [9, 6.9, 8.2],
			"to": [12, 9.5, 8.3],
			"rotation": {"angle": -45, "axis": "z", "origin": [8.75, 8.23, 8.25]},
			"faces": {
				"north": {"uv": [0, 0, 2, 2.6], "texture": "#0"},
				"east": {"uv": [4.5, 3.5, 4.5, 3.5], "rotation": 180, "texture": "#0"},
				"south": {"uv": [0, 0, 2, 2.6], "rotation": 180, "texture": "#0"},
				"west": {"uv": [4.5, 3.5, 4.5, 3.5], "rotation": 180, "texture": "#0"},
				"up": {"uv": [4.5, 3.5, 4.5, 3.5], "texture": "#0"},
				"down": {"uv": [4.5, 3.5, 4.5, 3.5], "texture": "#0"}
			}
		},
		{
			"from": [9, 8.15, 6.95],
			"to": [12, 8.25, 9.55],
			"rotation": {"angle": -45, "axis": "z", "origin": [8.75, 8.23, 8.25]},
			"faces": {
				"north": {"uv": [4.5, 3.5, 4.5, 3.5], "rotation": 180, "texture": "#0"},
				"east": {"uv": [4.5, 3.5, 4.5, 3.5], "rotation": 180, "texture": "#0"},
				"south": {"uv": [4.5, 3.5, 4.5, 3.5], "rotation": 180, "texture": "#0"},
				"west": {"uv": [4.5, 3.5, 4.5, 3.5], "rotation": 180, "texture": "#0"},
				"up": {"uv": [0, 0, 2, 2.6], "rotation": 180, "texture": "#0"},
				"down": {"uv": [0, 0, 2, 2.6], "rotation": 180, "texture": "#0"}
			}
		},
		{
			"from": [-0.5, 8.2, 7.5],
			"to": [2, 8.3, 9],
			"rotation": {"angle": -45, "axis": "z", "origin": [8.75, 8.23, 8.25]},
			"faces": {
				"north": {"uv": [4.5, 3.5, 4.5, 3.5], "rotation": 180, "texture": "#0"},
				"east": {"uv": [4.5, 3.5, 4.5, 3.5], "rotation": 180, "texture": "#0"},
				"south": {"uv": [4.5, 3.5, 4.5, 3.5], "rotation": 180, "texture": "#0"},
				"west": {"uv": [4.5, 3.5, 4.5, 3.5], "rotation": 180, "texture": "#0"},
				"up": {"uv": [6.5, 0.5, 8, 2], "rotation": 180, "texture": "#0"},
				"down": {"uv": [6.5, 0.5, 8, 2], "rotation": 180, "texture": "#0"}
			}
		}
	],
	"display": {
		"thirdperson_righthand": {
			"rotation": [90, -90, 133],
			"translation": [-1.25, 0, 0]
		},
		"thirdperson_lefthand": {
			"rotation": [90, 90, -133],
			"translation": [-1.25, 0, 0]
		},
		"firstperson_righthand": {
			"rotation": [61, -82, 84],
			"translation": [2.25, 2, -1.25]
		},
		"firstperson_lefthand": {
			"rotation": [18, -105, 123],
			"translation": [3, 1.5, 0]
		},
		"gui": {
			"rotation": [-1, 174, 3],
			"translation": [0.75, 0, 0],
			"scale": [0.9, 0.9, 0.9]
		}
	},
	"groups": [0, 1, 2, 3, 4, 5,
		{
			"name": "arrow",
			"origin": [8, 8, 8],
			"children": [6, 7, 8, 9, 10, 11]
		}
	]
}