﻿{
	"credit": "Made with Blockbench",
	"ambientocclusion": false,
	"texture_size": [281, 281],
	"textures": {
		"8": "items/images",
		"particle": "images"
	},
	"elements": [
		{
			"name": "Экран",
			"from": [8, 3.525, 3.225],
			"to": [8.5, 8.45, 11.7],
			"faces": {
				"north": {"uv": [0, 0, 0.5, 5], "texture": "#8"},
				"east": {"uv": [0, 0, 8.75, 5], "texture": "#8"},
				"south": {"uv": [0, 0, 0.35754, 0], "texture": "#8"},
				"west": {"uv": [0, 0, 16, 11.44134], "texture": "#8"},
				"up": {"uv": [0, 0, 0.5, 8.75], "texture": "#8"},
				"down": {"uv": [0, 0, 0.5, 8.75], "texture": "#8"}
			}
		},
		{
			"from": [7.895, 8.2, 2.75],
			"to": [7.895, 8.3, 2.95],
			"faces": {
				"north": {"uv": [0, 0, 0, 0.1], "texture": "#8"},
				"east": {"uv": [0, 0, 0.2, 0.1], "texture": "#8"},
				"south": {"uv": [0, 0, 0, 0.1], "texture": "#8"},
				"west": {"uv": [4.3352, 11.57374, 4.52626, 11.76313], "texture": "#8"},
				"up": {"uv": [0, 0, 0, 0.2], "texture": "#8"},
				"down": {"uv": [0, 0, 0, 0.2], "texture": "#8"}
			}
		},
		{
			"from": [7.895, 8, 2.75],
			"to": [7.895, 8.1, 2.95],
			"faces": {
				"north": {"uv": [0, 0, 0, 0.1], "texture": "#8"},
				"east": {"uv": [0, 0, 0.2, 0.1], "texture": "#8"},
				"south": {"uv": [0, 0, 0, 0.1], "texture": "#8"},
				"west": {"uv": [4.58547, 11.5486, 4.78547, 11.7648], "texture": "#8"},
				"up": {"uv": [0, 0, 0, 0.2], "texture": "#8"},
				"down": {"uv": [0, 0, 0, 0.2], "texture": "#8"}
			}
		},
		{
			"from": [7.9, 3, 11.7],
			"to": [8.6, 9, 12.3],
			"faces": {
				"north": {"uv": [2.06201, 11.59497, 2.15084, 14.27542], "texture": "#8"},
				"east": {"uv": [2.06201, 11.59497, 2.15084, 14.27542], "texture": "#8"},
				"south": {"uv": [2.06201, 11.59497, 2.15084, 14.27542], "texture": "#8"},
				"west": {"uv": [2.06201, 11.59497, 2.15084, 14.27542], "texture": "#8"},
				"up": {"uv": [2.06201, 11.59497, 2.15084, 14.27542], "texture": "#8"},
				"down": {"uv": [2.06201, 11.59497, 2.15084, 14.27542], "texture": "#8"}
			}
		},
		{
			"from": [7.9, 3.5, 12.2],
			"to": [8.6, 8.5, 12.4],
			"faces": {
				"north": {"uv": [1.78771, 11.62011, 1.98771, 14.2067], "texture": "#8"},
				"east": {"uv": [1.78771, 11.62011, 1.98771, 14.2067], "texture": "#8"},
				"south": {"uv": [1.78771, 11.62011, 1.98771, 14.2067], "texture": "#8"},
				"west": {"uv": [1.78771, 11.62011, 1.98771, 14.2067], "texture": "#8"},
				"up": {"uv": [1.78771, 11.62011, 1.98771, 14.2067], "texture": "#8"},
				"down": {"uv": [1.78771, 11.62011, 1.98771, 14.2067], "texture": "#8"}
			}
		},
		{
			"from": [7.9, 3, 2.7],
			"to": [8.6, 9, 3.3],
			"faces": {
				"north": {"uv": [2.00209, 11.57709, 2.09986, 14.2486], "texture": "#8"},
				"east": {"uv": [2.00209, 11.57709, 2.09986, 14.2486], "texture": "#8"},
				"south": {"uv": [2.00209, 11.57709, 2.09986, 14.2486], "texture": "#8"},
				"west": {"uv": [2.00209, 11.57709, 2.09986, 14.2486], "texture": "#8"},
				"up": {"uv": [2.00209, 11.57709, 2.09986, 14.2486], "texture": "#8"},
				"down": {"uv": [2.00209, 11.57709, 2.09986, 14.2486], "texture": "#8"}
			}
		},
		{
			"from": [8.6, 3.5, 3.3],
			"to": [8.6, 8.5, 11.7],
			"faces": {
				"north": {"uv": [0, 0, 8.4, 5], "texture": "#8"},
				"east": {"uv": [1.51955, 11.72737, 2.79553, 14.2067], "texture": "#8"},
				"south": {"uv": [0, 0, 1.89274, 2.53296], "texture": "#8"},
				"west": {"uv": [0, 0, 8.4, 5], "texture": "#8"},
				"up": {"uv": [0, 0, 8.4, 5], "texture": "#8"},
				"down": {"uv": [0, 0, 8.4, 5], "texture": "#8"}
			}
		},
		{
			"from": [7.9, 8.45, 3.275],
			"to": [8.6, 9.05, 11.725],
			"faces": {
				"north": {"uv": [1.92263, 11.61089, 2.01313, 14.19427], "rotation": 270, "texture": "#8"},
				"east": {"uv": [1.92263, 11.61089, 2.01313, 14.19427], "rotation": 270, "texture": "#8"},
				"south": {"uv": [1.92263, 11.61089, 2.01313, 14.19427], "rotation": 270, "texture": "#8"},
				"west": {"uv": [1.92263, 11.61089, 2.01313, 14.19427], "rotation": 270, "texture": "#8"},
				"up": {"uv": [1.92263, 11.61089, 2.01313, 14.19427], "rotation": 270, "texture": "#8"},
				"down": {"uv": [1.92263, 11.61089, 2.01313, 14.19427], "rotation": 270, "texture": "#8"}
			}
		},
		{
			"from": [7.9, 2.95, 3.275],
			"to": [8.6, 3.55, 11.725],
			"faces": {
				"north": {"uv": [1.56955, 11.70894, 1.69581, 14.1919], "rotation": 270, "texture": "#8"},
				"east": {"uv": [1.56955, 11.70894, 1.69581, 14.1919], "rotation": 270, "texture": "#8"},
				"south": {"uv": [1.56955, 11.70894, 1.69581, 14.1919], "rotation": 270, "texture": "#8"},
				"west": {"uv": [1.56955, 11.70894, 1.69581, 14.1919], "rotation": 270, "texture": "#8"},
				"up": {"uv": [1.56955, 11.70894, 1.69581, 14.1919], "rotation": 270, "texture": "#8"},
				"down": {"uv": [1.56955, 11.70894, 1.69581, 14.1919], "rotation": 270, "texture": "#8"}
			}
		},
		{
			"from": [7.8, 8.8, 4.5],
			"to": [8.7, 9.1, 8.7],
			"faces": {
				"north": {"uv": [0, 11.53073, 0.35754, 14.24413], "texture": "#8"},
				"east": {"uv": [0, 11.53073, 0.35754, 14.24413], "texture": "#8"},
				"south": {"uv": [0, 11.53073, 0.35754, 14.24413], "texture": "#8"},
				"west": {"uv": [0, 11.53073, 0.35754, 14.24413], "texture": "#8"},
				"up": {"uv": [0, 11.53073, 0.35754, 14.24413], "texture": "#8"},
				"down": {"uv": [0, 11.53073, 0.35754, 14.24413], "texture": "#8"}
			}
		},
		{
			"from": [7.8, 3.9, 12.2],
			"to": [8.7, 8.1, 12.5],
			"faces": {
				"north": {"uv": [0.80447, 11.91508, 1.02682, 12.37598], "rotation": 90, "texture": "#8"},
				"east": {"uv": [0.80447, 11.91508, 1.02682, 12.37598], "rotation": 90, "texture": "#8"},
				"south": {"uv": [0.53631, 11.63799, 1.35754, 13.65419], "rotation": 90, "texture": "#8"},
				"west": {"uv": [0.80447, 11.91508, 1.02682, 12.37598], "rotation": 90, "texture": "#8"},
				"up": {"uv": [0.80447, 11.91508, 1.02682, 12.37598], "rotation": 90, "texture": "#8"},
				"down": {"uv": [0.80447, 11.91508, 1.02682, 12.37598], "rotation": 90, "texture": "#8"}
			}
		},
		{
			"from": [7.8, 2.9, 4.5],
			"to": [8.7, 3.2, 8.7],
			"faces": {
				"north": {"uv": [0, 11.62011, 1.27709, 11.95587], "texture": "#8"},
				"east": {"uv": [0, 11.62011, 1.27709, 11.95587], "texture": "#8"},
				"south": {"uv": [0, 11.62011, 1.27709, 11.95587], "texture": "#8"},
				"west": {"uv": [0, 11.62011, 1.27709, 11.95587], "texture": "#8"},
				"up": {"uv": [0, 11.62011, 1.27709, 11.95587], "texture": "#8"},
				"down": {"uv": [0, 11.62011, 1.27709, 11.95587], "texture": "#8"}
			}
		},
		{
			"from": [8.2, 9, 10.6],
			"to": [8.3, 9.1, 10.9],
			"faces": {
				"north": {"uv": [0, 0, 0.1, 0.1], "texture": "#8"},
				"east": {"uv": [0, 0, 0.3, 0.1], "texture": "#8"},
				"south": {"uv": [0, 0, 0.1, 0.1], "texture": "#8"},
				"west": {"uv": [0, 0, 0.3, 0.1], "texture": "#8"},
				"up": {"uv": [0, 0, 0.1, 0.3], "texture": "#8"},
				"down": {"uv": [0, 0, 0.1, 0.3], "texture": "#8"}
			}
		},
		{
			"from": [7.8, 5.9, 11.85],
			"to": [7.9, 6.3, 12.15],
			"faces": {
				"north": {"uv": [0, 0, 0.1, 0.4], "texture": "#8"},
				"east": {"uv": [0, 0, 0.3, 0.4], "texture": "#8"},
				"south": {"uv": [0, 0, 0.1, 0.4], "texture": "#8"},
				"west": {"uv": [0, 0, 0.3, 0.4], "texture": "#8"},
				"up": {"uv": [0, 0, 0.1, 0.3], "texture": "#8"},
				"down": {"uv": [0, 0, 0.1, 0.3], "texture": "#8"}
			}
		},
		{
			"from": [8, 7.8, 2.5],
			"to": [8.2, 8.2, 2.7],
			"faces": {
				"north": {"uv": [0, 0, 0.2, 0.4], "texture": "#8"},
				"east": {"uv": [0, 0, 0.2, 0.4], "texture": "#8"},
				"south": {"uv": [0, 0, 0.2, 0.4], "texture": "#8"},
				"west": {"uv": [0, 0, 0.2, 0.4], "texture": "#8"},
				"up": {"uv": [0, 0, 0.2, 0.2], "texture": "#8"},
				"down": {"uv": [0, 0, 0.2, 0.2], "texture": "#8"}
			}
		},
		{
			"from": [8.2, 9, 10.2],
			"to": [8.3, 9.1, 10.5],
			"faces": {
				"north": {"uv": [0, 0, 0.1, 0.1], "texture": "#8"},
				"east": {"uv": [0, 0, 0.3, 0.1], "texture": "#8"},
				"south": {"uv": [0, 0, 0.1, 0.1], "texture": "#8"},
				"west": {"uv": [0, 0, 0.3, 0.1], "texture": "#8"},
				"up": {"uv": [0, 0, 0.1, 0.3], "texture": "#8"},
				"down": {"uv": [0, 0, 0.1, 0.3], "texture": "#8"}
			}
		},
		{
			"from": [7.8, 7.3, 12.4],
			"to": [8.7, 7.5, 12.6],
			"faces": {
				"north": {"uv": [0.08939, 11.88827, 1.16816, 13.16089], "texture": "#8"},
				"east": {"uv": [0.08939, 11.88827, 1.16816, 13.16089], "texture": "#8"},
				"south": {"uv": [0.08939, 11.88827, 1.16816, 13.16089], "texture": "#8"},
				"west": {"uv": [0.08939, 11.79888, 1.16816, 13.07151], "texture": "#8"},
				"up": {"uv": [0.08939, 11.88827, 1.16816, 13.16089], "texture": "#8"},
				"down": {"uv": [0.08939, 11.88827, 1.16816, 13.16089], "texture": "#8"}
			}
		},
		{
			"from": [7.8, 6.1, 12.4],
			"to": [8.7, 6.3, 12.6],
			"faces": {
				"north": {"uv": [0.08939, 11.88827, 1.16816, 13.16089], "texture": "#8"},
				"east": {"uv": [0.08939, 11.88827, 1.16816, 13.16089], "texture": "#8"},
				"south": {"uv": [0.08939, 11.88827, 1.16816, 13.16089], "texture": "#8"},
				"west": {"uv": [0.08939, 11.79888, 1.16816, 13.07151], "texture": "#8"},
				"up": {"uv": [0.08939, 11.88827, 1.16816, 13.16089], "texture": "#8"},
				"down": {"uv": [0.08939, 11.88827, 1.16816, 13.16089], "texture": "#8"}
			}
		},
		{
			"from": [7.8, 4.9, 12.4],
			"to": [8.7, 5.1, 12.6],
			"faces": {
				"north": {"uv": [0.08939, 11.88827, 1.16816, 13.16089], "texture": "#8"},
				"east": {"uv": [0.08939, 11.88827, 1.16816, 13.16089], "texture": "#8"},
				"south": {"uv": [0.08939, 11.88827, 1.16816, 13.16089], "texture": "#8"},
				"west": {"uv": [0.08939, 11.79888, 1.16816, 13.07151], "texture": "#8"},
				"up": {"uv": [0.08939, 11.88827, 1.16816, 13.16089], "texture": "#8"},
				"down": {"uv": [0.08939, 11.88827, 1.16816, 13.16089], "texture": "#8"}
			}
		},
		{
			"from": [7.7, 8.9, 4.8],
			"to": [8.8, 9.2, 5.5],
			"faces": {
				"north": {"uv": [0.08939, 11.88827, 1.36816, 13.66089], "texture": "#8"},
				"east": {"uv": [0.08939, 11.88827, 1.36816, 13.66089], "texture": "#8"},
				"south": {"uv": [0.08939, 11.88827, 1.36816, 13.66089], "texture": "#8"},
				"west": {"uv": [0.08939, 11.79888, 1.36816, 13.57151], "texture": "#8"},
				"up": {"uv": [0.08939, 11.88827, 1.36816, 13.66089], "texture": "#8"},
				"down": {"uv": [0.08939, 11.88827, 1.36816, 13.66089], "texture": "#8"}
			}
		},
		{
			"from": [7.7, 8.9, 5.8],
			"to": [8.8, 9.2, 6.5],
			"faces": {
				"north": {"uv": [0.08939, 11.88827, 1.36816, 13.66089], "texture": "#8"},
				"east": {"uv": [0.08939, 11.88827, 1.36816, 13.66089], "texture": "#8"},
				"south": {"uv": [0.08939, 11.88827, 1.36816, 13.66089], "texture": "#8"},
				"west": {"uv": [0.08939, 11.79888, 1.36816, 13.57151], "texture": "#8"},
				"up": {"uv": [0.08939, 11.88827, 1.36816, 13.66089], "texture": "#8"},
				"down": {"uv": [0.08939, 11.88827, 1.36816, 13.66089], "texture": "#8"}
			}
		},
		{
			"from": [7.7, 8.9, 6.8],
			"to": [8.8, 9.2, 7.5],
			"faces": {
				"north": {"uv": [0.08939, 11.88827, 1.36816, 13.66089], "texture": "#8"},
				"east": {"uv": [0.08939, 11.88827, 1.36816, 13.66089], "texture": "#8"},
				"south": {"uv": [0.08939, 11.88827, 1.36816, 13.66089], "texture": "#8"},
				"west": {"uv": [0.08939, 11.79888, 1.36816, 13.57151], "texture": "#8"},
				"up": {"uv": [0.08939, 11.88827, 1.36816, 13.66089], "texture": "#8"},
				"down": {"uv": [0.08939, 11.88827, 1.36816, 13.66089], "texture": "#8"}
			}
		},
		{
			"from": [7.7, 8.9, 7.8],
			"to": [8.8, 9.2, 8.5],
			"faces": {
				"north": {"uv": [0.08939, 11.88827, 1.36816, 13.66089], "texture": "#8"},
				"east": {"uv": [0.08939, 11.88827, 1.36816, 13.66089], "texture": "#8"},
				"south": {"uv": [0.08939, 11.88827, 1.36816, 13.66089], "texture": "#8"},
				"west": {"uv": [0.08939, 11.79888, 1.36816, 13.57151], "texture": "#8"},
				"up": {"uv": [0.08939, 11.88827, 1.36816, 13.66089], "texture": "#8"},
				"down": {"uv": [0.08939, 11.88827, 1.36816, 13.66089], "texture": "#8"}
			}
		},
		{
			"from": [7.7, 2.8, 7.8],
			"to": [8.8, 3.1, 8.5],
			"faces": {
				"north": {"uv": [0.08939, 11.88827, 1.36816, 13.66089], "texture": "#8"},
				"east": {"uv": [0.08939, 11.88827, 1.36816, 13.66089], "texture": "#8"},
				"south": {"uv": [0.08939, 11.88827, 1.36816, 13.66089], "texture": "#8"},
				"west": {"uv": [0.08939, 11.79888, 1.36816, 13.57151], "texture": "#8"},
				"up": {"uv": [0.08939, 11.88827, 1.36816, 13.66089], "texture": "#8"},
				"down": {"uv": [0.08939, 11.88827, 1.36816, 13.66089], "texture": "#8"}
			}
		},
		{
			"from": [7.7, 2.8, 6.8],
			"to": [8.8, 3.1, 7.5],
			"faces": {
				"north": {"uv": [0.08939, 11.79888, 1.36816, 13.57151], "texture": "#8"},
				"east": {"uv": [0.08939, 11.79888, 1.36816, 13.57151], "texture": "#8"},
				"south": {"uv": [0.08939, 11.79888, 1.36816, 13.57151], "texture": "#8"},
				"west": {"uv": [0.08939, 11.79888, 1.36816, 13.57151], "texture": "#8"},
				"up": {"uv": [0.08939, 11.79888, 1.36816, 13.57151], "texture": "#8"},
				"down": {"uv": [0.08939, 11.79888, 1.36816, 13.57151], "texture": "#8"}
			}
		},
		{
			"from": [7.7, 2.8, 5.8],
			"to": [8.8, 3.1, 6.5],
			"faces": {
				"north": {"uv": [0.08939, 11.79888, 0.4743, 12.05196], "texture": "#8"},
				"east": {"uv": [0.08939, 11.79888, 0.4743, 12.05196], "texture": "#8"},
				"south": {"uv": [0.08939, 11.79888, 0.4743, 12.05196], "texture": "#8"},
				"west": {"uv": [0.08939, 11.79888, 1.18939, 13.39274], "texture": "#8"},
				"up": {"uv": [0.08939, 11.79888, 0.4743, 12.05196], "texture": "#8"},
				"down": {"uv": [0.08939, 11.79888, 0.4743, 12.05196], "texture": "#8"}
			}
		},
		{
			"from": [7.7, 2.8, 4.8],
			"to": [8.8, 3.1, 5.5],
			"faces": {
				"north": {"uv": [0.08939, 11.88827, 1.36816, 13.66089], "texture": "#8"},
				"east": {"uv": [0.08939, 11.88827, 1.36816, 13.66089], "texture": "#8"},
				"south": {"uv": [0.08939, 11.88827, 1.36816, 13.66089], "texture": "#8"},
				"west": {"uv": [0.08939, 11.79888, 1.36816, 13.57151], "texture": "#8"},
				"up": {"uv": [0.08939, 11.88827, 1.36816, 13.66089], "texture": "#8"},
				"down": {"uv": [0.08939, 11.88827, 1.36816, 13.66089], "texture": "#8"}
			}
		}
	],
	"display": {
		"thirdperson_righthand": {
			"rotation": [77.34, 67.53, -93.33],
			"translation": [-2.5, 3.5, 0.25]
		},
		"thirdperson_lefthand": {
			"rotation": [-108.42, -74.17, -95.31],
			"translation": [-3.5, 4.25, 0]
		},
		"firstperson_righthand": {
			"rotation": [14.32, 84.41, -20.44],
			"translation": [-2.75, 6.75, 2.75]
		},
		"firstperson_lefthand": {
			"rotation": [-172.81, -84.67, -170.68],
			"translation": [-2.5, 6.75, 2.25]
		},
		"ground": {
			"rotation": [-0.62, -4.29, -88.75],
			"translation": [0, -3, 0]
		},
		"gui": {
			"rotation": [-160.32, 57.75, 178.97],
			"translation": [0.75, 2.25, 0],
			"scale": [1.38867, 1.38867, 1.38867]
		},
		"fixed": {
			"rotation": [0, -90, 0],
			"translation": [-0.75, 1.25, -1.25]
		}
	},
	"groups": [
		0,
		1,
		2,
		{
			"name": "Рамка",
			"origin": [0, 0, 0],
			"color": 0,
			"children": [3, 4, 5, 6, 7, 8]
		},
		{
			"name": "group",
			"origin": [8, 8, 8],
			"color": 0,
			"children": [9, 10, 11]
		},
		{
			"name": "group",
			"origin": [8, 8, 8],
			"color": 0,
			"children": [12, 13, 14, 15]
		},
		{
			"name": "group",
			"origin": [0, 0, 0],
			"color": 0,
			"children": [16, 17, 18, 19, 20, 21, 22, 23, 24, 25, 26]
		}
	]
}