{
	"credit": "NZ",
	"textures": {
		"0": "blocks/tools",
		"particle": "blocks/tools"
	},
	"elements": [
		{
			"from": [7.9, 8.35, 6.8],
			"to": [9.1, 10.15, 8.2],
			"faces": {
				"north": {"uv": [0.75, 5.5, 1.95, 7.3], "texture": "#0"},
				"east": {"uv": [1, 6, 2.4, 7.8], "texture": "#0"},
				"south": {"uv": [1, 5.5, 2.2, 7.3], "texture": "#0"},
				"west": {"uv": [0.5, 5.75, 1.9, 7.55], "texture": "#0"},
				"up": {"uv": [1.25, 5.5, 2.45, 6.9], "texture": "#0"},
				"down": {"uv": [9.75, 1.75, 10.95, 3.15], "texture": "#0"}
			}
		},
		{
			"from": [8.15, 10.15, 6.9],
			"to": [8.85, 10.35, 8.1],
			"faces": {
				"north": {"uv": [1.75, 6, 2.45, 6.2], "texture": "#0"},
				"east": {"uv": [1, 6.25, 2.2, 6.45], "texture": "#0"},
				"south": {"uv": [1, 6, 1.7, 6.2], "texture": "#0"},
				"west": {"uv": [1.5, 5, 2.7, 5.2], "texture": "#0"},
				"up": {"uv": [1.25, 5.5, 1.95, 6.7], "texture": "#0"},
				"down": {"uv": [9.75, 1.75, 10.95, 3.15], "texture": "#0"}
			}
		},
		{
			"from": [8.125, 6.55, 6.875],
			"to": [8.85, 8.35, 8.075],
			"faces": {
				"north": {"uv": [9.75, 1.25, 10.475, 3.05], "texture": "#0"},
				"east": {"uv": [9.25, 1, 10.45, 2.8], "texture": "#0"},
				"south": {"uv": [9.25, 1.5, 9.975, 3.3], "texture": "#0"},
				"west": {"uv": [9.25, 1.25, 10.45, 3.05], "texture": "#0"},
				"up": {"uv": [9, 1.25, 10.2, 2.65], "texture": "#0"},
				"down": {"uv": [0, 5.75, 0.725, 6.95], "texture": "#0"}
			}
		},
		{
			"from": [8.4, 8.55, 8.375],
			"to": [8.6, 10.05, 8.975],
			"faces": {
				"north": {"uv": [0, 0, 1, 1.6], "texture": "#missing"},
				"east": {"uv": [5.25, 6, 5.85, 7.5], "texture": "#0"},
				"south": {"uv": [9, 1.5, 9.2, 3], "texture": "#0"},
				"west": {"uv": [5, 5.75, 5.6, 7.25], "texture": "#0"},
				"up": {"uv": [10, 2, 10.2, 2.6], "texture": "#0"},
				"down": {"uv": [9.75, 2, 9.95, 2.6], "texture": "#0"}
			}
		},
		{
			"from": [8.425, 10.05, 8.15],
			"to": [8.575, 10.1, 8.95],
			"faces": {
				"north": {"uv": [0, 0, 1, 1.6], "texture": "#missing"},
				"east": {"uv": [10.25, 2.5, 10.825, 2.6], "texture": "#0"},
				"south": {"uv": [10, 2, 10.15, 2.1], "texture": "#0"},
				"west": {"uv": [9.25, 2.5, 9.825, 2.6], "texture": "#0"},
				"up": {"uv": [9.5, 1.75, 9.65, 2.325], "texture": "#0"},
				"down": {"uv": [9.75, 2, 9.95, 2.6], "texture": "#0"}
			}
		},
		{
			"from": [8.425, 8.5, 8.15],
			"to": [8.575, 8.55, 8.95],
			"faces": {
				"north": {"uv": [0, 0, 1, 1.6], "texture": "#missing"},
				"east": {"uv": [10.25, 2.5, 10.825, 2.6], "texture": "#0"},
				"south": {"uv": [10, 2, 10.15, 2.1], "texture": "#0"},
				"west": {"uv": [9.25, 2.5, 9.825, 2.6], "texture": "#0"},
				"up": {"uv": [9.5, 1.75, 9.65, 2.325], "texture": "#0"},
				"down": {"uv": [9.75, 2, 9.95, 2.6], "texture": "#0"}
			}
		},
		{
			"from": [8, 8.45, 7.775],
			"to": [9, 10.05, 8.375],
			"faces": {
				"north": {"uv": [0, 0, 1, 1.6], "texture": "#missing"},
				"east": {"uv": [5.25, 4.5, 5.85, 6.1], "texture": "#0"},
				"south": {"uv": [5, 5, 6, 6.6], "texture": "#0"},
				"west": {"uv": [5, 5.75, 5.6, 7.35], "texture": "#0"},
				"up": {"uv": [5.75, 5.25, 6.75, 5.85], "texture": "#0"},
				"down": {"uv": [6.25, 6.75, 7.25, 7.35], "texture": "#0"}
			}
		},
		{
			"from": [8, 8.375, 6.3],
			"to": [9, 10.125, 6.8],
			"faces": {
				"north": {"uv": [6, 5.25, 7, 7], "texture": "#0"},
				"east": {"uv": [5.5, 5.5, 6, 7.25], "texture": "#0"},
				"south": {"uv": [0, 0, 1, 1.75], "texture": "#missing"},
				"west": {"uv": [5.75, 5.5, 6.25, 7.25], "texture": "#0"},
				"up": {"uv": [5.25, 5.5, 6.25, 6], "texture": "#0"},
				"down": {"uv": [5, 5.5, 6, 6], "texture": "#0"}
			}
		},
		{
			"from": [8.1, 8.25, 5.8],
			"to": [8.9, 10.25, 6.3],
			"faces": {
				"north": {"uv": [5.5, 5.5, 6.3, 7.5], "texture": "#0"},
				"east": {"uv": [5.75, 5, 6.25, 7], "texture": "#0"},
				"south": {"uv": [6.75, 5.5, 7.55, 7.5], "texture": "#0"},
				"west": {"uv": [6.5, 5, 7, 7], "texture": "#0"},
				"up": {"uv": [5.75, 6, 6.55, 6.5], "texture": "#0"},
				"down": {"uv": [5.25, 6, 6.05, 6.5], "texture": "#0"}
			}
		},
		{
			"from": [8.2, 8.15, 5.3],
			"to": [8.8, 10.35, 5.8],
			"faces": {
				"north": {"uv": [5.5, 4.75, 6.1, 6.95], "texture": "#0"},
				"east": {"uv": [6.5, 5, 7, 7.2], "texture": "#0"},
				"south": {"uv": [4.5, 4.75, 5.1, 6.95], "texture": "#0"},
				"west": {"uv": [4.5, 5, 5, 7.2], "texture": "#0"},
				"up": {"uv": [5, 5.5, 5.6, 6], "texture": "#0"},
				"down": {"uv": [5.25, 5.5, 5.85, 6], "texture": "#0"}
			}
		},
		{
			"from": [8.3, 8.05, 4.8],
			"to": [8.7, 10.45, 5.3],
			"faces": {
				"north": {"uv": [4.75, 4.5, 5.15, 6.9], "texture": "#0"},
				"east": {"uv": [6, 5.25, 6.5, 7.65], "texture": "#0"},
				"south": {"uv": [6, 5, 6.4, 7.4], "texture": "#0"},
				"west": {"uv": [5.25, 5, 5.75, 7.4], "texture": "#0"},
				"up": {"uv": [5.75, 6, 6.15, 6.5], "texture": "#0"},
				"down": {"uv": [5.75, 6, 6.15, 6.5], "texture": "#0"}
			}
		},
		{
			"from": [8.4, 7.95, 4.4],
			"to": [8.6, 10.55, 4.8],
			"faces": {
				"north": {"uv": [13.75, 0.75, 13.95, 3.35], "texture": "#0"},
				"east": {"uv": [13.75, 0.75, 14.15, 3.35], "texture": "#0"},
				"south": {"uv": [5.5, 4.5, 5.7, 7.1], "texture": "#0"},
				"west": {"uv": [13.75, 0.5, 14.15, 3.1], "texture": "#0"},
				"up": {"uv": [14, 1.75, 14.2, 2.15], "texture": "#0"},
				"down": {"uv": [14.5, 2.25, 14.7, 2.65], "texture": "#0"}
			}
		},
		{
			"from": [8.175, 4.4, 6.975],
			"to": [8.8, 8.375, 7.975],
			"faces": {
				"north": {"uv": [1.75, 4, 2.375, 7.975], "texture": "#0"},
				"east": {"uv": [0, 4, 1, 7.975], "texture": "#0"},
				"south": {"uv": [0, 4.25, 0.625, 7.9], "texture": "#0"},
				"west": {"uv": [0, 4, 1, 7.975], "texture": "#0"},
				"up": {"uv": [0, 0, 0.625, 1], "texture": "#0"},
				"down": {"uv": [0.5, 6, 1.125, 7], "texture": "#0"}
			}
		},
		{
			"from": [8.2, 0.4, 6.825],
			"to": [8.75, 1.2, 7.95],
			"faces": {
				"north": {"uv": [1.25, 6, 1.8, 6.8], "rotation": 270, "texture": "#0"},
				"east": {"uv": [0.5, 6.5, 1.625, 7.3], "rotation": 270, "texture": "#0"},
				"south": {"uv": [1.5, 5.75, 2.05, 6.55], "rotation": 270, "texture": "#0"},
				"west": {"uv": [0.5, 6.5, 1.625, 7.3], "rotation": 270, "texture": "#0"},
				"up": {"uv": [0.5, 6.5, 1.625, 7.3], "rotation": 270, "texture": "#0"},
				"down": {"uv": [2, 5.75, 2.55, 6.875], "rotation": 270, "texture": "#0"}
			}
		},
		{
			"from": [8.225, 2.2, 7.025],
			"to": [8.725, 4.4, 7.925],
			"faces": {
				"north": {"uv": [9.5, 0.5, 10, 2.7], "texture": "#0"},
				"east": {"uv": [9.75, 0, 10.65, 2.2], "texture": "#0"},
				"south": {"uv": [9.75, 0.5, 10.25, 2.7], "texture": "#0"},
				"west": {"uv": [9.25, 0.75, 10.15, 2.95], "texture": "#0"},
				"up": {"uv": [0, 0, 0.625, 1], "texture": "#0"},
				"down": {"uv": [9.5, 1.5, 10, 2.4], "texture": "#0"}
			}
		},
		{
			"from": [8.275, 1.2, 7.05],
			"to": [8.675, 2.2, 7.9],
			"faces": {
				"north": {"uv": [10.75, 1.75, 11.15, 2.75], "texture": "#0"},
				"east": {"uv": [10, 2.25, 10.85, 3.25], "texture": "#0"},
				"south": {"uv": [11, 1.25, 11.4, 2.25], "texture": "#0"},
				"west": {"uv": [9, 0, 9.85, 1], "texture": "#0"},
				"up": {"uv": [0, 0, 0.625, 1], "texture": "#0"},
				"down": {"uv": [0, 0, 0.625, 1], "texture": "#missing"}
			}
		}
	],
	"display": {
		"thirdperson_righthand": {
			"translation": [0, 8.5, 3],
			"scale": [2, 2, 2]
		},
		"thirdperson_lefthand": {
			"translation": [0, 7.75, 2.25],
			"scale": [2, 2, 2]
		},
		"firstperson_righthand": {
			"rotation": [-1, 6, 10],
			"translation": [2.5, 10.25, 0],
			"scale": [2, 2, 2]
		},
		"firstperson_lefthand": {
			"rotation": [-3, -8, 3],
			"translation": [0, 9.25, 4],
			"scale": [1.5, 1.5, 1.5]
		},
		"ground": {
			"rotation": [0, 0, 90],
			"translation": [-1.75, -4, 0]
		},
		"gui": {
			"rotation": [0, 90, 0],
			"translation": [1.5, 3.75, 0],
			"scale": [1.5, 1.5, 1.5]
		}
	}
}