{
	"credit": "Made with Blockbench",
	"textures": {
		"0": "blocks/1",
		"particle": "blocks/1"
	},
	"elements": [
		{
			"from": [6, 3.6, 5.1],
			"to": [7, 3.8, 6.9],
			"faces": {
				"north": {"uv": [0, 0, 1, 0.2], "texture": "#0"},
				"east": {"uv": [2, 4, 3.8, 4.2], "texture": "#0"},
				"south": {"uv": [2, 4, 3, 4.2], "texture": "#0"},
				"west": {"uv": [2, 2, 3.8, 2.2], "texture": "#0"},
				"up": {"uv": [1, 3, 2, 4.8], "texture": "#0"},
				"down": {"uv": [3, 11, 4, 12.8], "texture": "#0"}
			}
		},
		{
			"from": [6, 2.9, 5],
			"to": [7, 3.6, 5.2],
			"faces": {
				"north": {"uv": [2, 1, 3, 1.7], "texture": "#0"},
				"east": {"uv": [0, 0, 0.2, 0.7], "texture": "#0"},
				"south": {"uv": [3, 10, 4, 10.7], "texture": "#0"},
				"west": {"uv": [1, 2, 1.2, 2.7], "texture": "#0"},
				"up": {"uv": [2, 5, 3, 5.2], "texture": "#0"},
				"down": {"uv": [0, 0, 1, 0.2], "texture": "#missing"}
			}
		},
		{
			"from": [6.3, 2.9, 5.2],
			"to": [7, 3.6, 6.8],
			"faces": {
				"north": {"uv": [0, 0, 0.7, 0.7], "texture": "#missing"},
				"east": {"uv": [2, 3, 3.6, 3.7], "texture": "#0"},
				"south": {"uv": [0, 0, 0.7, 0.7], "texture": "#missing"},
				"west": {"uv": [0, 0, 1.6, 0.7], "texture": "#missing"},
				"up": {"uv": [0, 0, 0.7, 1.6], "texture": "#missing"},
				"down": {"uv": [0, 0, 0.7, 1.6], "texture": "#0"}
			}
		},
		{
			"from": [6.05, 2.825, 5.2],
			"to": [6.1, 3.6, 6.8],
			"faces": {
				"north": {"uv": [0, 0, 0.05, 0.775], "texture": "#missing"},
				"east": {"uv": [0, 0, 1.6, 0.775], "texture": "#missing"},
				"south": {"uv": [0, 0, 0.05, 0.775], "texture": "#missing"},
				"west": {"uv": [8, 0, 10.6, 1.775], "texture": "#0"},
				"up": {"uv": [0, 0, 0.05, 1.6], "texture": "#missing"},
				"down": {"uv": [0, 0, 0.05, 1.6], "texture": "#missing"}
			}
		},
		{
			"from": [6, 2.9, 6.8],
			"to": [7, 3.6, 7],
			"faces": {
				"north": {"uv": [4, 11, 5, 11.7], "texture": "#0"},
				"east": {"uv": [0, 0, 0.2, 0.7], "texture": "#0"},
				"south": {"uv": [2, 3, 3, 3.7], "texture": "#0"},
				"west": {"uv": [2, 1, 2.2, 1.7], "texture": "#0"},
				"up": {"uv": [2, 5, 3, 5.2], "texture": "#0"},
				"down": {"uv": [0, 0, 1, 0.2], "texture": "#missing"}
			}
		},
		{
			"from": [6.3, 2.7, 7],
			"to": [6.7, 3.4, 7.2],
			"faces": {
				"north": {"uv": [2, 11, 2.4, 11.7], "texture": "#0"},
				"east": {"uv": [2, 11, 2.4, 11.7], "texture": "#0"},
				"south": {"uv": [2, 11, 2.4, 11.7], "texture": "#0"},
				"west": {"uv": [2, 11, 2.4, 11.7], "texture": "#0"},
				"up": {"uv": [2, 11, 2.4, 11.7], "texture": "#0"},
				"down": {"uv": [2, 11, 2.4, 11.7], "texture": "#0"}
			}
		},
		{
			"from": [6.3, 3.4, 7],
			"to": [6.7, 3.45, 7.175],
			"faces": {
				"north": {"uv": [2, 11, 2.4, 11.05], "texture": "#0"},
				"east": {"uv": [2, 11, 2.4, 11.05], "texture": "#0"},
				"south": {"uv": [2, 11, 2.4, 11.05], "texture": "#0"},
				"west": {"uv": [2, 11, 2.4, 11.05], "texture": "#0"},
				"up": {"uv": [2, 11, 2.4, 11.05], "texture": "#0"},
				"down": {"uv": [2, 11, 2.4, 11.05], "texture": "#0"}
			}
		},
		{
			"from": [6.3, 2.65, 7],
			"to": [6.7, 2.7, 7.175],
			"faces": {
				"north": {"uv": [2, 11, 2.175, 11.05], "texture": "#0"},
				"east": {"uv": [2, 11, 2.175, 11.05], "texture": "#0"},
				"south": {"uv": [2, 11, 2.175, 11.05], "texture": "#0"},
				"west": {"uv": [2, 11, 2.175, 11.05], "texture": "#0"},
				"up": {"uv": [2, 11, 2.175, 11.05], "texture": "#0"},
				"down": {"uv": [2, 11, 2.175, 11.05], "texture": "#0"}
			}
		},
		{
			"from": [6.3, 3.45, 7],
			"to": [6.7, 3.5, 7.1],
			"faces": {
				"north": {"uv": [2, 11, 2.4, 11.05], "texture": "#0"},
				"east": {"uv": [2, 11, 2.4, 11.05], "texture": "#0"},
				"south": {"uv": [2, 11, 2.4, 11.05], "texture": "#0"},
				"west": {"uv": [2, 11, 2.4, 11.05], "texture": "#0"},
				"up": {"uv": [2, 11, 2.4, 11.05], "texture": "#0"},
				"down": {"uv": [2, 11, 2.4, 11.05], "texture": "#0"}
			}
		},
		{
			"from": [6.3, 2.6, 7],
			"to": [6.7, 2.65, 7.1],
			"faces": {
				"north": {"uv": [3, 9, 3.1, 9.05], "texture": "#0"},
				"east": {"uv": [3, 9, 3.1, 9.05], "texture": "#0"},
				"south": {"uv": [3, 9, 3.1, 9.05], "texture": "#0"},
				"west": {"uv": [3, 9, 3.1, 9.05], "texture": "#0"},
				"up": {"uv": [3, 9, 3.1, 9.05], "texture": "#0"},
				"down": {"uv": [3, 9, 3.1, 9.05], "texture": "#0"}
			}
		},
		{
			"from": [6.3, 3.3, 7.2],
			"to": [6.7, 3.4, 7.225],
			"faces": {
				"north": {"uv": [6, 12, 6.4, 12.1], "texture": "#0"},
				"east": {"uv": [6, 12, 6.4, 12.1], "texture": "#0"},
				"south": {"uv": [6, 12, 6.4, 12.1], "texture": "#0"},
				"west": {"uv": [6, 12, 6.4, 12.1], "texture": "#0"},
				"up": {"uv": [6, 12, 6.4, 12.1], "texture": "#0"},
				"down": {"uv": [6, 12, 6.4, 12.1], "texture": "#0"}
			}
		},
		{
			"from": [6.3, 3.1, 7.2],
			"to": [6.7, 3.2, 7.225],
			"faces": {
				"north": {"uv": [6, 12, 6.4, 12.1], "texture": "#0"},
				"east": {"uv": [6, 12, 6.4, 12.1], "texture": "#0"},
				"south": {"uv": [6, 12, 6.4, 12.1], "texture": "#0"},
				"west": {"uv": [6, 12, 6.4, 12.1], "texture": "#0"},
				"up": {"uv": [6, 12, 6.4, 12.1], "texture": "#0"},
				"down": {"uv": [6, 12, 6.4, 12.1], "texture": "#0"}
			}
		},
		{
			"from": [6.3, 2.9, 7.2],
			"to": [6.7, 3, 7.225],
			"faces": {
				"north": {"uv": [6, 12, 6.4, 12.1], "texture": "#0"},
				"east": {"uv": [6, 12, 6.4, 12.1], "texture": "#0"},
				"south": {"uv": [6, 12, 6.4, 12.1], "texture": "#0"},
				"west": {"uv": [6, 12, 6.4, 12.1], "texture": "#0"},
				"up": {"uv": [6, 12, 6.4, 12.1], "texture": "#0"},
				"down": {"uv": [6, 12, 6.4, 12.1], "texture": "#0"}
			}
		},
		{
			"from": [6.3, 2.7, 7.2],
			"to": [6.7, 2.8, 7.225],
			"faces": {
				"north": {"uv": [6, 12, 6.4, 12.1], "texture": "#0"},
				"east": {"uv": [6, 12, 6.4, 12.1], "texture": "#0"},
				"south": {"uv": [6, 12, 6.4, 12.1], "texture": "#0"},
				"west": {"uv": [6, 12, 6.4, 12.1], "texture": "#0"},
				"up": {"uv": [6, 12, 6.4, 12.1], "texture": "#0"},
				"down": {"uv": [6, 12, 6.4, 12.1], "texture": "#0"}
			}
		},
		{
			"from": [6, 0, 6.8],
			"to": [7, 2.9, 7],
			"faces": {
				"north": {"uv": [0, 0, 1, 2.9], "texture": "#0"},
				"east": {"uv": [2, 2, 2.2, 4.9], "texture": "#0"},
				"south": {"uv": [1, 1, 2, 3.9], "texture": "#0"},
				"west": {"uv": [3, 2, 3.2, 4.9], "texture": "#0"},
				"up": {"uv": [0, 0, 1, 0.2], "texture": "#missing"},
				"down": {"uv": [1, 6, 2, 6.2], "texture": "#0"}
			}
		},
		{
			"from": [6, 2.6, 5.2],
			"to": [7, 2.925, 6.8],
			"faces": {
				"north": {"uv": [0, 0, 1, 0.225], "texture": "#missing"},
				"east": {"uv": [3, 6, 4.6, 6.225], "texture": "#0"},
				"south": {"uv": [0, 0, 1, 0.225], "texture": "#missing"},
				"west": {"uv": [2, 0, 3.6, 0.225], "texture": "#0"},
				"up": {"uv": [2, 10, 3, 11.6], "texture": "#0"},
				"down": {"uv": [0, 0, 1, 1.6], "texture": "#0"}
			}
		},
		{
			"from": [6, 1.9, 5.2],
			"to": [7, 2.3, 6.8],
			"faces": {
				"north": {"uv": [0, 0, 1, 0.4], "texture": "#missing"},
				"east": {"uv": [1, 5, 2.6, 5.4], "texture": "#0"},
				"south": {"uv": [0, 0, 1, 0.4], "texture": "#missing"},
				"west": {"uv": [2, 4, 3.6, 4.4], "texture": "#0"},
				"up": {"uv": [0, 0, 1, 1.6], "texture": "#0"},
				"down": {"uv": [0, 0, 1, 1.6], "texture": "#0"}
			}
		},
		{
			"from": [5.95, 0, 5.2],
			"to": [6.95, 1.9, 6.8],
			"faces": {
				"north": {"uv": [1, 3, 2, 4.9], "texture": "#0"},
				"east": {"uv": [2, 11, 3.6, 12.9], "texture": "#0"},
				"south": {"uv": [1, 4, 2, 5.9], "texture": "#0"},
				"west": {"uv": [2, 1, 3.6, 2.9], "texture": "#0"},
				"up": {"uv": [0, 2, 1, 3.6], "texture": "#0"},
				"down": {"uv": [4, 5, 5, 6.6], "texture": "#0"}
			}
		},
		{
			"from": [6.175, 2.3, 5.2],
			"to": [6.975, 2.6, 5.7],
			"faces": {
				"north": {"uv": [0, 0, 0.8, 0.3], "texture": "#missing"},
				"east": {"uv": [3, 5, 3.5, 5.3], "texture": "#0"},
				"south": {"uv": [0, 0, 0.8, 0.3], "texture": "#missing"},
				"west": {"uv": [0, 0, 0.5, 0.3], "texture": "#missing"},
				"up": {"uv": [0, 0, 0.8, 0.5], "texture": "#missing"},
				"down": {"uv": [0, 0, 0.8, 0.5], "texture": "#missing"}
			}
		},
		{
			"from": [5.925, 2.25, 5.2],
			"to": [6.4, 2.6, 5.65],
			"faces": {
				"north": {"uv": [3, 12, 3.45, 12.35], "texture": "#0"},
				"east": {"uv": [3, 12, 3.45, 12.35], "texture": "#0"},
				"south": {"uv": [3, 12, 3.45, 12.35], "texture": "#0"},
				"west": {"uv": [3, 12, 3.45, 12.35], "texture": "#0"},
				"up": {"uv": [3, 12, 3.45, 12.35], "texture": "#0"},
				"down": {"uv": [3, 12, 3.45, 12.35], "texture": "#0"}
			}
		},
		{
			"from": [5.99, 2.25, 6.2],
			"to": [6.465, 2.7, 6.65],
			"faces": {
				"north": {"uv": [8, 8, 16, 16], "texture": "#0"},
				"east": {"uv": [8, 8, 16, 16], "texture": "#0"},
				"south": {"uv": [8, 8, 16, 16], "texture": "#0"},
				"west": {"uv": [8, 8, 16, 16], "texture": "#0"},
				"up": {"uv": [8, 8, 16, 16], "texture": "#0"},
				"down": {"uv": [8, 8, 16, 16], "texture": "#0"}
			}
		},
		{
			"from": [5.9, 1.55, 5.275],
			"to": [6.375, 1.85, 5.675],
			"rotation": {"angle": 0, "axis": "y", "origin": [7.975, 7.95, 8.075]},
			"faces": {
				"north": {"uv": [15, 5, 15.4, 5.3], "texture": "#0"},
				"east": {"uv": [15, 5, 15.4, 5.3], "texture": "#0"},
				"south": {"uv": [15, 5, 15.4, 5.3], "texture": "#0"},
				"west": {"uv": [15, 5, 15.4, 5.3], "texture": "#0"},
				"up": {"uv": [15, 5, 15.4, 5.3], "texture": "#0"},
				"down": {"uv": [15, 5, 15.4, 5.3], "texture": "#0"}
			}
		},
		{
			"from": [5.9, 0.95, 5.275],
			"to": [6.375, 1.25, 5.675],
			"rotation": {"angle": 0, "axis": "y", "origin": [7.975, 7.95, 8.075]},
			"faces": {
				"north": {"uv": [15, 5, 15.4, 5.3], "texture": "#0"},
				"east": {"uv": [15, 5, 15.4, 5.3], "texture": "#0"},
				"south": {"uv": [15, 5, 15.4, 5.3], "texture": "#0"},
				"west": {"uv": [15, 5, 15.4, 5.3], "texture": "#0"},
				"up": {"uv": [15, 5, 15.4, 5.3], "texture": "#0"},
				"down": {"uv": [15, 5, 15.4, 5.3], "texture": "#0"}
			}
		},
		{
			"from": [5.9, 0.35, 5.275],
			"to": [6.375, 0.65, 5.675],
			"rotation": {"angle": 0, "axis": "y", "origin": [7.975, 7.95, 8.075]},
			"faces": {
				"north": {"uv": [15, 5, 15.4, 5.3], "texture": "#0"},
				"east": {"uv": [15, 5, 15.4, 5.3], "texture": "#0"},
				"south": {"uv": [15, 5, 15.4, 5.3], "texture": "#0"},
				"west": {"uv": [15, 5, 15.4, 5.3], "texture": "#0"},
				"up": {"uv": [15, 5, 15.4, 5.3], "texture": "#0"},
				"down": {"uv": [15, 5, 15.4, 5.3], "texture": "#0"}
			}
		},
		{
			"from": [5.9, 1.55, 5.825],
			"to": [6.375, 1.85, 6.225],
			"rotation": {"angle": 0, "axis": "y", "origin": [7.975, 7.95, 8.025]},
			"faces": {
				"north": {"uv": [15, 5, 15.4, 5.3], "texture": "#0"},
				"east": {"uv": [15, 5, 15.4, 5.3], "texture": "#0"},
				"south": {"uv": [15, 5, 15.4, 5.3], "texture": "#0"},
				"west": {"uv": [15, 5, 15.4, 5.3], "texture": "#0"},
				"up": {"uv": [15, 5, 15.4, 5.3], "texture": "#0"},
				"down": {"uv": [15, 5, 15.4, 5.3], "texture": "#0"}
			}
		},
		{
			"from": [5.9, 0.95, 5.825],
			"to": [6.375, 1.25, 6.225],
			"rotation": {"angle": 0, "axis": "y", "origin": [7.975, 7.95, 8.025]},
			"faces": {
				"north": {"uv": [15, 5, 15.4, 5.3], "texture": "#0"},
				"east": {"uv": [15, 5, 15.4, 5.3], "texture": "#0"},
				"south": {"uv": [15, 5, 15.4, 5.3], "texture": "#0"},
				"west": {"uv": [15, 5, 15.4, 5.3], "texture": "#0"},
				"up": {"uv": [15, 5, 15.4, 5.3], "texture": "#0"},
				"down": {"uv": [15, 5, 15.4, 5.3], "texture": "#0"}
			}
		},
		{
			"from": [5.9, 0.35, 5.825],
			"to": [6.375, 0.65, 6.225],
			"rotation": {"angle": 0, "axis": "y", "origin": [7.975, 7.95, 8.025]},
			"faces": {
				"north": {"uv": [15, 5, 15.4, 5.3], "texture": "#0"},
				"east": {"uv": [15, 5, 15.4, 5.3], "texture": "#0"},
				"south": {"uv": [15, 5, 15.4, 5.3], "texture": "#0"},
				"west": {"uv": [15, 5, 15.4, 5.3], "texture": "#0"},
				"up": {"uv": [15, 5, 15.4, 5.3], "texture": "#0"},
				"down": {"uv": [15, 5, 15.4, 5.3], "texture": "#0"}
			}
		},
		{
			"from": [5.9, 1.55, 6.35],
			"to": [6.375, 1.85, 6.75],
			"rotation": {"angle": 0, "axis": "y", "origin": [7.975, 7.95, 7.95]},
			"faces": {
				"north": {"uv": [15, 5, 15.4, 5.3], "texture": "#0"},
				"east": {"uv": [15, 5, 15.4, 5.3], "texture": "#0"},
				"south": {"uv": [15, 5, 15.4, 5.3], "texture": "#0"},
				"west": {"uv": [15, 5, 15.4, 5.3], "texture": "#0"},
				"up": {"uv": [15, 5, 15.4, 5.3], "texture": "#0"},
				"down": {"uv": [15, 5, 15.4, 5.3], "texture": "#0"}
			}
		},
		{
			"from": [5.9, 0.95, 6.35],
			"to": [6.375, 1.25, 6.75],
			"rotation": {"angle": 0, "axis": "y", "origin": [7.975, 7.95, 7.95]},
			"faces": {
				"north": {"uv": [15, 5, 15.4, 5.3], "texture": "#0"},
				"east": {"uv": [15, 5, 15.4, 5.3], "texture": "#0"},
				"south": {"uv": [15, 5, 15.4, 5.3], "texture": "#0"},
				"west": {"uv": [15, 5, 15.4, 5.3], "texture": "#0"},
				"up": {"uv": [15, 5, 15.4, 5.3], "texture": "#0"},
				"down": {"uv": [15, 5, 15.4, 5.3], "texture": "#0"}
			}
		},
		{
			"from": [5.9, 0.35, 6.35],
			"to": [6.375, 0.65, 6.75],
			"rotation": {"angle": 0, "axis": "y", "origin": [7.975, 7.95, 7.95]},
			"faces": {
				"north": {"uv": [15, 5, 15.4, 5.3], "texture": "#0"},
				"east": {"uv": [15, 5, 15.4, 5.3], "texture": "#0"},
				"south": {"uv": [15, 5, 15.4, 5.3], "texture": "#0"},
				"west": {"uv": [15, 5, 15.4, 5.3], "texture": "#0"},
				"up": {"uv": [15, 5, 15.4, 5.3], "texture": "#0"},
				"down": {"uv": [15, 5, 15.4, 5.3], "texture": "#0"}
			}
		},
		{
			"from": [6, 2.3, 5.6],
			"to": [7, 2.6, 6.8],
			"faces": {
				"north": {"uv": [0, 0, 1, 0.3], "texture": "#0"},
				"east": {"uv": [2, 2, 3.2, 2.3], "texture": "#0"},
				"south": {"uv": [0, 0, 1, 0.3], "texture": "#missing"},
				"west": {"uv": [1, 1, 2.2, 1.3], "texture": "#0"},
				"up": {"uv": [0, 0, 1, 1.2], "texture": "#missing"},
				"down": {"uv": [0, 0, 1, 1.2], "texture": "#missing"}
			}
		},
		{
			"from": [6, 0, 5],
			"to": [7, 2.9, 5.2],
			"faces": {
				"north": {"uv": [4, 4, 5, 6.9], "texture": "#0"},
				"east": {"uv": [4, 2, 4.2, 4.9], "texture": "#0"},
				"south": {"uv": [0, 0, 1, 2.9], "texture": "#0"},
				"west": {"uv": [3, 1, 3.2, 3.9], "texture": "#0"},
				"up": {"uv": [0, 0, 1, 0.2], "texture": "#missing"},
				"down": {"uv": [1, 6, 2, 6.2], "texture": "#0"}
			}
		},
		{
			"from": [6.2, 2.1, 4.8],
			"to": [6.8, 2.9, 5],
			"faces": {
				"north": {"uv": [2, 10, 2.6, 10.8], "texture": "#0"},
				"east": {"uv": [2, 10, 2.6, 10.8], "texture": "#0"},
				"south": {"uv": [2, 10, 2.6, 10.8], "texture": "#0"},
				"west": {"uv": [2, 10, 2.6, 10.8], "texture": "#0"},
				"up": {"uv": [2, 10, 2.6, 10.8], "texture": "#0"},
				"down": {"uv": [2, 10, 2.6, 10.8], "texture": "#0"}
			}
		},
		{
			"from": [6.2, 2.925, 4.8],
			"to": [6.8, 3.325, 5],
			"faces": {
				"north": {"uv": [6, 9, 6.6, 9.4], "texture": "#0"},
				"east": {"uv": [6, 9, 6.6, 9.4], "texture": "#0"},
				"south": {"uv": [6, 9, 6.6, 9.4], "texture": "#0"},
				"west": {"uv": [6, 9, 6.6, 9.4], "texture": "#0"},
				"up": {"uv": [6, 9, 6.6, 9.4], "texture": "#0"},
				"down": {"uv": [6, 9, 6.6, 9.4], "texture": "#0"}
			}
		},
		{
			"from": [6.2, 1.8, 4.8],
			"to": [6.8, 2.075, 5],
			"faces": {
				"north": {"uv": [4, 9, 4.6, 9.275], "texture": "#0"},
				"east": {"uv": [4, 9, 4.6, 9.275], "texture": "#0"},
				"south": {"uv": [4, 9, 4.6, 9.275], "texture": "#0"},
				"west": {"uv": [4, 9, 4.6, 9.275], "texture": "#0"},
				"up": {"uv": [4, 9, 4.6, 9.275], "texture": "#0"},
				"down": {"uv": [4, 9, 4.6, 9.275], "texture": "#0"}
			}
		},
		{
			"from": [6.2, 1.725, 4.85],
			"to": [6.8, 1.8, 5],
			"faces": {
				"north": {"uv": [6, 12, 6.6, 12.075], "texture": "#0"},
				"east": {"uv": [6, 12, 6.6, 12.075], "texture": "#0"},
				"south": {"uv": [6, 12, 6.6, 12.075], "texture": "#0"},
				"west": {"uv": [6, 12, 6.6, 12.075], "texture": "#0"},
				"up": {"uv": [6, 12, 6.6, 12.075], "texture": "#0"},
				"down": {"uv": [6, 12, 6.6, 12.075], "texture": "#0"}
			}
		},
		{
			"from": [6.2, 3.325, 4.85],
			"to": [6.8, 3.4, 5],
			"faces": {
				"north": {"uv": [7, 12, 7.15, 12.075], "texture": "#0"},
				"east": {"uv": [7, 12, 7.15, 12.075], "texture": "#0"},
				"south": {"uv": [7, 12, 7.15, 12.075], "texture": "#0"},
				"west": {"uv": [7, 12, 7.15, 12.075], "texture": "#0"},
				"up": {"uv": [7, 12, 7.15, 12.075], "texture": "#0"},
				"down": {"uv": [7, 12, 7.15, 12.075], "texture": "#0"}
			}
		},
		{
			"from": [6.2, 1.65, 4.9],
			"to": [6.8, 1.725, 5],
			"faces": {
				"north": {"uv": [6, 12, 6.6, 12.075], "texture": "#0"},
				"east": {"uv": [6, 12, 6.6, 12.075], "texture": "#0"},
				"south": {"uv": [6, 12, 6.6, 12.075], "texture": "#0"},
				"west": {"uv": [6, 12, 6.6, 12.075], "texture": "#0"},
				"up": {"uv": [6, 12, 6.6, 12.075], "texture": "#0"},
				"down": {"uv": [6, 12, 6.6, 12.075], "texture": "#0"}
			}
		},
		{
			"from": [6.2, 3.4, 4.9],
			"to": [6.8, 3.475, 5],
			"faces": {
				"north": {"uv": [7, 12, 7.15, 12.075], "texture": "#0"},
				"east": {"uv": [7, 12, 7.15, 12.075], "texture": "#0"},
				"south": {"uv": [7, 12, 7.15, 12.075], "texture": "#0"},
				"west": {"uv": [7, 12, 7.15, 12.075], "texture": "#0"},
				"up": {"uv": [7, 12, 7.15, 12.075], "texture": "#0"},
				"down": {"uv": [7, 12, 7.15, 12.075], "texture": "#0"}
			}
		},
		{
			"from": [6.25, 3.8, 6.3],
			"to": [6.75, 4.1, 6.8],
			"faces": {
				"north": {"uv": [2, 10, 2.5, 10.075], "texture": "#0"},
				"east": {"uv": [2, 10, 2.5, 10.075], "texture": "#0"},
				"south": {"uv": [2, 10, 2.5, 10.075], "texture": "#0"},
				"west": {"uv": [2, 10, 2.5, 10.075], "texture": "#0"},
				"up": {"uv": [2, 10, 2.5, 10.075], "texture": "#0"},
				"down": {"uv": [2, 10, 2.5, 10.075], "texture": "#0"}
			}
		},
		{
			"from": [6.25, 3.8, 5.2],
			"to": [6.75, 4, 5.7],
			"faces": {
				"north": {"uv": [2, 10, 2.5, 10.2], "texture": "#0"},
				"east": {"uv": [2, 10, 2.5, 10.2], "texture": "#0"},
				"south": {"uv": [2, 10, 2.5, 10.2], "texture": "#0"},
				"west": {"uv": [2, 10, 2.5, 10.2], "texture": "#0"},
				"up": {"uv": [2, 10, 2.5, 10.2], "texture": "#0"},
				"down": {"uv": [2, 10, 2.5, 10.2], "texture": "#0"}
			}
		},
		{
			"from": [6.25, 4.05, 5.2],
			"to": [6.75, 4.25, 5.7],
			"rotation": {"angle": 0, "axis": "y", "origin": [8, 7.95, 8]},
			"faces": {
				"north": {"uv": [2, 10, 2.5, 10.2], "texture": "#0"},
				"east": {"uv": [2, 10, 2.5, 10.2], "texture": "#0"},
				"south": {"uv": [2, 10, 2.5, 10.2], "texture": "#0"},
				"west": {"uv": [2, 10, 2.5, 10.2], "texture": "#0"},
				"up": {"uv": [2, 10, 2.5, 10.2], "texture": "#0"},
				"down": {"uv": [2, 10, 2.5, 10.2], "texture": "#0"}
			}
		},
		{
			"from": [6.35, 4, 5.3],
			"to": [6.65, 4.1, 5.6],
			"faces": {
				"north": {"uv": [12, 6, 12.3, 6.1], "texture": "#0"},
				"east": {"uv": [12, 6, 12.3, 6.1], "texture": "#0"},
				"south": {"uv": [12, 6, 12.3, 6.1], "texture": "#0"},
				"west": {"uv": [12, 6, 12.3, 6.1], "texture": "#0"},
				"up": {"uv": [12, 6, 12.3, 6.1], "texture": "#0"},
				"down": {"uv": [12, 6, 12.3, 6.1], "texture": "#0"}
			}
		},
		{
			"from": [6.3, 4.25, 5.25],
			"to": [6.7, 4.325, 5.65],
			"rotation": {"angle": 0, "axis": "y", "origin": [8, 7.95, 8]},
			"faces": {
				"north": {"uv": [2, 10, 2.5, 10.2], "texture": "#0"},
				"east": {"uv": [2, 10, 2.5, 10.2], "texture": "#0"},
				"south": {"uv": [2, 10, 2.5, 10.2], "texture": "#0"},
				"west": {"uv": [2, 10, 2.5, 10.2], "texture": "#0"},
				"up": {"uv": [2, 10, 2.5, 10.2], "texture": "#0"},
				"down": {"uv": [2, 10, 2.5, 10.2], "texture": "#0"}
			}
		},
		{
			"from": [6.25, 4.15, 6.3],
			"to": [6.75, 4.225, 6.8],
			"faces": {
				"north": {"uv": [2, 10, 2.5, 10.075], "texture": "#0"},
				"east": {"uv": [2, 10, 2.5, 10.075], "texture": "#0"},
				"south": {"uv": [2, 10, 2.5, 10.075], "texture": "#0"},
				"west": {"uv": [2, 10, 2.5, 10.075], "texture": "#0"},
				"up": {"uv": [2, 10, 2.5, 10.075], "texture": "#0"},
				"down": {"uv": [2, 10, 2.5, 10.075], "texture": "#0"}
			}
		},
		{
			"from": [6.25, 4.275, 6.3],
			"to": [6.75, 4.35, 6.8],
			"faces": {
				"north": {"uv": [2, 10, 2.5, 10.075], "texture": "#0"},
				"east": {"uv": [2, 10, 2.5, 10.075], "texture": "#0"},
				"south": {"uv": [2, 10, 2.5, 10.075], "texture": "#0"},
				"west": {"uv": [2, 10, 2.5, 10.075], "texture": "#0"},
				"up": {"uv": [2, 10, 2.5, 10.075], "texture": "#0"},
				"down": {"uv": [2, 10, 2.5, 10.075], "texture": "#0"}
			}
		},
		{
			"from": [6.25, 4.4, 6.3],
			"to": [6.75, 4.475, 6.8],
			"faces": {
				"north": {"uv": [2, 10, 2.5, 10.075], "texture": "#0"},
				"east": {"uv": [2, 10, 2.5, 10.075], "texture": "#0"},
				"south": {"uv": [2, 10, 2.5, 10.075], "texture": "#0"},
				"west": {"uv": [2, 10, 2.5, 10.075], "texture": "#0"},
				"up": {"uv": [2, 10, 2.5, 10.075], "texture": "#0"},
				"down": {"uv": [2, 10, 2.5, 10.075], "texture": "#0"}
			}
		},
		{
			"from": [6.25, 4.525, 6.3],
			"to": [6.75, 4.6, 6.8],
			"faces": {
				"north": {"uv": [2, 10, 2.5, 10.075], "texture": "#0"},
				"east": {"uv": [2, 10, 2.5, 10.075], "texture": "#0"},
				"south": {"uv": [2, 10, 2.5, 10.075], "texture": "#0"},
				"west": {"uv": [2, 10, 2.5, 10.075], "texture": "#0"},
				"up": {"uv": [2, 10, 2.5, 10.075], "texture": "#0"},
				"down": {"uv": [2, 10, 2.5, 10.075], "texture": "#0"}
			}
		},
		{
			"from": [6.3, 4.1, 6.35],
			"to": [6.7, 4.875, 6.75],
			"faces": {
				"north": {"uv": [14, 6, 14.4, 6.775], "texture": "#0"},
				"east": {"uv": [14, 6, 14.4, 6.775], "texture": "#0"},
				"south": {"uv": [14, 6, 14.4, 6.775], "texture": "#0"},
				"west": {"uv": [14, 6, 14.4, 6.775], "texture": "#0"},
				"up": {"uv": [14, 6, 14.4, 6.775], "texture": "#0"},
				"down": {"uv": [14, 6, 14.4, 6.775], "texture": "#0"}
			}
		},
		{
			"from": [6.4, 4, 6.45],
			"to": [6.6, 6.5, 6.65],
			"faces": {
				"north": {"uv": [2, 11, 2.2, 13.5], "texture": "#0"},
				"east": {"uv": [2, 11, 2.2, 13.5], "texture": "#0"},
				"south": {"uv": [2, 11, 2.2, 13.5], "texture": "#0"},
				"west": {"uv": [2, 11, 2.2, 13.5], "texture": "#0"},
				"up": {"uv": [2, 11, 2.2, 13.5], "texture": "#0"},
				"down": {"uv": [2, 11, 2.2, 13.5], "texture": "#0"}
			}
		},
		{
			"from": [6.425, 6.5, 6.475],
			"to": [6.575, 7.9, 6.625],
			"faces": {
				"north": {"uv": [4, 12, 4.15, 13.4], "texture": "#0"},
				"east": {"uv": [4, 12, 4.15, 13.4], "texture": "#0"},
				"south": {"uv": [4, 12, 4.15, 13.4], "texture": "#0"},
				"west": {"uv": [4, 12, 4.15, 13.4], "texture": "#0"},
				"up": {"uv": [4, 12, 4.15, 13.4], "texture": "#0"},
				"down": {"uv": [4, 12, 4.15, 13.4], "texture": "#0"}
			}
		},
		{
			"from": [6.45, 7.9, 6.5],
			"to": [6.55, 8.6, 6.6],
			"faces": {
				"north": {"uv": [11, 6, 11.1, 6.7], "texture": "#0"},
				"east": {"uv": [11, 6, 11.1, 6.7], "texture": "#0"},
				"south": {"uv": [11, 6, 11.1, 6.7], "texture": "#0"},
				"west": {"uv": [11, 6, 11.1, 6.7], "texture": "#0"},
				"up": {"uv": [11, 6, 11.1, 6.7], "texture": "#0"},
				"down": {"uv": [11, 6, 11.1, 6.7], "texture": "#0"}
			}
		}
	],
	"display": {
		"thirdperson_righthand": {
			"rotation": [5, 88, 0],
			"translation": [1.5, 8, 0]
		},
		"thirdperson_lefthand": {
			"rotation": [0, -139, 0],
			"translation": [-0.75, 8, -1.25]
		},
		"firstperson_righthand": {
			"rotation": [-27, 45, 0],
			"translation": [2, 9.5, 0.75]
		},
		"firstperson_lefthand": {
			"rotation": [-23, -134, -4],
			"translation": [-0.25, 8, -2.25]
		},
		"ground": {
			"rotation": [0, 0, -90],
			"translation": [0, -5, 0]
		},
		"gui": {
			"rotation": [0, 90, 0],
			"translation": [4.75, 12.25, 0],
			"scale": [2.5, 2.5, 2.5]
		},
		"fixed": {
			"rotation": [0, -90, 0],
			"translation": [-4.5, 13.5, 0],
			"scale": [2, 2, 2]
		}
	}
}