{
	"credit": "NZ",
	"textures": {
		"0": "blocks/tools",
		"particle": "blocks/tools"
	},
	"elements": [
		{
			"from": [8.125, 0, 7.05],
			"to": [8.85, 1, 7.85],
			"faces": {
				"north": {"uv": [0.75, 5.75, 1.475, 6.75], "texture": "#0"},
				"east": {"uv": [1.75, 6.25, 2.55, 7.25], "texture": "#0"},
				"south": {"uv": [1.5, 5.25, 2.225, 6.25], "texture": "#0"},
				"west": {"uv": [1, 6.75, 2, 7.75], "texture": "#0"},
				"up": {"uv": [1.5, 6, 2.225, 7], "texture": "#0"},
				"down": {"uv": [1.75, 6.25, 2.475, 7.05], "texture": "#0"}
			}
		},
		{
			"from": [8.125, 1, 7.1],
			"to": [8.85, 2, 7.9],
			"faces": {
				"north": {"uv": [1, 4.5, 1.725, 5.5], "texture": "#0"},
				"east": {"uv": [1.5, 6.5, 2.3, 7.5], "texture": "#0"},
				"south": {"uv": [0.5, 5.25, 1.225, 6.25], "texture": "#0"},
				"west": {"uv": [1, 6.5, 2, 7.5], "texture": "#0"},
				"up": {"uv": [0.75, 6.75, 1.75, 7.75], "texture": "#0"},
				"down": {"uv": [2, 5.25, 2.725, 6.05], "texture": "#0"}
			}
		},
		{
			"from": [8.15, 4, 7.05],
			"to": [8.825, 5, 7.85],
			"faces": {
				"north": {"uv": [1, 6, 1.675, 7], "texture": "#0"},
				"east": {"uv": [1.75, 6.25, 2.55, 7.25], "texture": "#0"},
				"south": {"uv": [1.25, 5.25, 1.925, 6.25], "texture": "#0"},
				"west": {"uv": [0, 6.5, 0.8, 7.5], "texture": "#0"},
				"up": {"uv": [1, 5, 1.675, 6], "texture": "#0"},
				"down": {"uv": [1.75, 5.25, 2.425, 6.05], "texture": "#0"}
			}
		},
		{
			"from": [8.1, 5, 7],
			"to": [8.9, 6, 7.8],
			"faces": {
				"north": {"uv": [1.5, 5.5, 2.3, 6.5], "texture": "#0"},
				"east": {"uv": [1.75, 6.25, 2.55, 7.25], "texture": "#0"},
				"south": {"uv": [1.75, 5.5, 2.55, 6.5], "texture": "#0"},
				"west": {"uv": [0.75, 4.75, 1.75, 5.75], "texture": "#0"},
				"up": {"uv": [1, 5.25, 1.8, 6.25], "texture": "#0"},
				"down": {"uv": [1.25, 5.75, 2.05, 6.55], "texture": "#0"}
			}
		},
		{
			"from": [8.2, 6, 6.925],
			"to": [8.8, 7.1, 7.725],
			"faces": {
				"north": {"uv": [0.5, 5, 1.5, 7], "texture": "#0"},
				"east": {"uv": [1, 6.25, 1.8, 7.35], "texture": "#0"},
				"south": {"uv": [1.5, 6.25, 2.1, 7.35], "texture": "#0"},
				"west": {"uv": [0.25, 4.5, 1.25, 6.5], "texture": "#0"},
				"up": {"uv": [1.25, 5.75, 1.85, 6.55], "texture": "#0"},
				"down": {"uv": [0.75, 6.25, 1.35, 7.05], "texture": "#0"}
			}
		},
		{
			"from": [8.25, 7.1, 7.025],
			"to": [8.75, 10.2, 7.625],
			"faces": {
				"north": {"uv": [5.25, 4.75, 5.75, 7.85], "texture": "#0"},
				"east": {"uv": [5, 4.5, 5.6, 7.6], "texture": "#0"},
				"south": {"uv": [5.25, 4.25, 5.75, 7.35], "texture": "#0"},
				"west": {"uv": [5.25, 4.25, 5.85, 7.35], "texture": "#0"},
				"up": {"uv": [5, 5, 5.5, 5.6], "texture": "#0"},
				"down": {"uv": [0, 0, 1, 1], "texture": "#0"}
			}
		},
		{
			"from": [8.275, 9.7, 7.625],
			"to": [8.725, 10.2, 8.625],
			"faces": {
				"north": {"uv": [0.5, 5, 1.5, 7], "texture": "#0"},
				"east": {"uv": [5, 4.75, 6, 5.25], "texture": "#0"},
				"south": {"uv": [6, 6, 6.45, 6.5], "texture": "#0"},
				"west": {"uv": [5, 4.75, 6, 5.25], "texture": "#0"},
				"up": {"uv": [5, 5.5, 5.5, 6.5], "texture": "#0"},
				"down": {"uv": [0, 0, 1, 1], "texture": "#0"}
			}
		},
		{
			"from": [8.25, 9.9, 4.725],
			"to": [8.75, 10.2, 7.025],
			"faces": {
				"north": {"uv": [6, 5.25, 6.5, 5.55], "texture": "#0"},
				"east": {"uv": [4, 6.5, 6.3, 6.8], "texture": "#0"},
				"south": {"uv": [1.5, 6.25, 2.1, 7.35], "texture": "#0"},
				"west": {"uv": [5.25, 5, 7.55, 5.3], "texture": "#0"},
				"up": {"uv": [5.25, 4.5, 5.75, 6.8], "texture": "#0"},
				"down": {"uv": [4.75, 4.5, 5.25, 6.8], "texture": "#0"}
			}
		},
		{
			"from": [8.25, 7.4, 6.025],
			"to": [8.75, 7.7, 7.025],
			"faces": {
				"north": {"uv": [5.5, 5.75, 6, 6.05], "texture": "#0"},
				"east": {"uv": [5, 5.75, 6, 6.05], "texture": "#0"},
				"south": {"uv": [1.5, 6.25, 2.1, 7.35], "texture": "#0"},
				"west": {"uv": [6, 5.75, 7, 6.05], "texture": "#0"},
				"up": {"uv": [5.25, 5, 5.75, 6], "texture": "#0"},
				"down": {"uv": [5.5, 5.75, 6, 6.05], "texture": "#0"}
			}
		},
		{
			"from": [8.35, 7.3, 5.925],
			"to": [8.65, 7.7, 6.625],
			"faces": {
				"north": {"uv": [10, 1, 10.3, 1.4], "texture": "#0"},
				"east": {"uv": [9.25, 2.75, 9.95, 3.15], "texture": "#0"},
				"south": {"uv": [11, 2, 11.3, 2.4], "texture": "#0"},
				"west": {"uv": [10, 2, 10.7, 2.4], "texture": "#0"},
				"up": {"uv": [5.25, 5, 5.75, 6], "texture": "#0"},
				"down": {"uv": [10.75, 2.5, 11.05, 3.2], "texture": "#0"}
			}
		},
		{
			"from": [8.375, 7.6, 5.425],
			"to": [8.625, 8, 5.925],
			"faces": {
				"north": {"uv": [10.25, 2.5, 10.55, 2.9], "texture": "#0"},
				"east": {"uv": [9.5, 2.25, 10, 2.65], "texture": "#0"},
				"south": {"uv": [1.5, 6.25, 2.1, 7.35], "texture": "#0"},
				"west": {"uv": [10, 0.75, 10.5, 1.15], "texture": "#0"},
				"up": {"uv": [5.25, 5, 5.75, 6], "texture": "#0"},
				"down": {"uv": [10.25, 3, 10.5, 3.5], "texture": "#0"}
			}
		},
		{
			"from": [8.35, 7.9, 5.225],
			"to": [8.65, 8.3, 5.525],
			"faces": {
				"north": {"uv": [10.25, 2.5, 10.55, 2.9], "texture": "#0"},
				"east": {"uv": [10, 2.25, 10.3, 2.65], "texture": "#0"},
				"south": {"uv": [1.5, 6.25, 2.1, 7.35], "texture": "#0"},
				"west": {"uv": [9.5, 0.75, 9.8, 1.15], "texture": "#0"},
				"up": {"uv": [5.25, 5, 5.75, 6], "texture": "#0"},
				"down": {"uv": [10.25, 2.75, 10.55, 3.05], "texture": "#0"}
			}
		},
		{
			"from": [8.375, 8, 4.925],
			"to": [8.625, 8.4, 5.225],
			"faces": {
				"north": {"uv": [10.25, 2.5, 10.55, 2.9], "texture": "#0"},
				"east": {"uv": [9.75, 1.5, 10.05, 1.9], "texture": "#0"},
				"south": {"uv": [1.5, 6.25, 2.1, 7.35], "texture": "#0"},
				"west": {"uv": [9.5, 0.5, 9.8, 0.9], "texture": "#0"},
				"up": {"uv": [5.25, 5, 5.75, 6], "texture": "#0"},
				"down": {"uv": [10, 2.75, 10.25, 3.05], "texture": "#0"}
			}
		},
		{
			"from": [8.375, 8.2, 4.625],
			"to": [8.625, 8.6, 4.925],
			"faces": {
				"north": {"uv": [10.25, 2.5, 10.55, 2.9], "texture": "#0"},
				"east": {"uv": [10, 1.5, 10.3, 1.9], "texture": "#0"},
				"south": {"uv": [1.5, 6.25, 2.1, 7.35], "texture": "#0"},
				"west": {"uv": [9.75, 1.75, 10.05, 2.15], "texture": "#0"},
				"up": {"uv": [5.25, 5, 5.75, 6], "texture": "#0"},
				"down": {"uv": [10.5, 2.75, 10.8, 3.05], "texture": "#0"}
			}
		},
		{
			"from": [8.375, 9.9, 4.625],
			"to": [8.625, 10.225, 4.925],
			"faces": {
				"north": {"uv": [10.25, 2.5, 10.55, 2.9], "texture": "#0"},
				"east": {"uv": [9.75, 1.5, 10.05, 1.825], "texture": "#0"},
				"south": {"uv": [5.75, 5.75, 6.05, 6.075], "texture": "#0"},
				"west": {"uv": [9.75, 2, 10.05, 2.325], "texture": "#0"},
				"up": {"uv": [10.5, 1.75, 10.8, 2.05], "texture": "#0"},
				"down": {"uv": [8.75, 1.5, 9.05, 2], "texture": "#0"}
			}
		},
		{
			"from": [8.35, 8.5, 4.525],
			"to": [8.65, 10, 4.825],
			"faces": {
				"north": {"uv": [10.25, 2.5, 10.55, 2.9], "texture": "#0"},
				"east": {"uv": [10.25, 1.75, 10.55, 3.25], "texture": "#0"},
				"south": {"uv": [1.5, 6.25, 2.1, 7.35], "texture": "#0"},
				"west": {"uv": [10, 0.75, 10.3, 2.25], "texture": "#0"},
				"up": {"uv": [11, 1.25, 11.3, 1.55], "texture": "#0"},
				"down": {"uv": [8.75, 1.5, 9.05, 2], "texture": "#0"}
			}
		},
		{
			"from": [8.25, 7.7, 5.525],
			"to": [8.75, 8, 6.325],
			"faces": {
				"north": {"uv": [5.5, 5.75, 6, 6.05], "texture": "#0"},
				"east": {"uv": [6, 5.75, 6.8, 6.05], "texture": "#0"},
				"south": {"uv": [5.5, 5.75, 6, 6.05], "texture": "#0"},
				"west": {"uv": [5.25, 5, 6.25, 5.5], "texture": "#0"},
				"up": {"uv": [4.5, 5, 5, 5.8], "texture": "#0"},
				"down": {"uv": [5.5, 5.75, 6, 6.05], "texture": "#0"}
			}
		},
		{
			"from": [8.35, 9.6, 4.925],
			"to": [8.65, 9.9, 7.025],
			"faces": {
				"north": {"uv": [0.5, 5, 1.5, 7], "texture": "#0"},
				"east": {"uv": [4.5, 5.5, 6.6, 5.8], "texture": "#0"},
				"south": {"uv": [1.5, 6.25, 2.1, 7.35], "texture": "#0"},
				"west": {"uv": [5.25, 5, 6.25, 5.5], "texture": "#0"},
				"up": {"uv": [4.5, 5, 5, 5.8], "texture": "#0"},
				"down": {"uv": [5.25, 4.75, 5.55, 6.85], "texture": "#0"}
			}
		},
		{
			"from": [8.35, 7.7, 6.225],
			"to": [8.65, 8.4, 7.025],
			"faces": {
				"north": {"uv": [0.5, 5, 1.5, 7], "texture": "#0"},
				"east": {"uv": [5.25, 5, 6.05, 5.7], "texture": "#0"},
				"south": {"uv": [1.5, 6.25, 2.1, 7.35], "texture": "#0"},
				"west": {"uv": [5.5, 5.25, 6.3, 6.05], "texture": "#0"},
				"up": {"uv": [4.5, 5, 5, 5.8], "texture": "#0"},
				"down": {"uv": [0, 0, 1, 1], "texture": "#0"}
			}
		},
		{
			"from": [8.35, 8, 5.625],
			"to": [8.65, 8.5, 6.225],
			"faces": {
				"north": {"uv": [0.5, 5, 1.5, 7], "texture": "#0"},
				"east": {"uv": [4.5, 6.25, 5.1, 6.75], "texture": "#0"},
				"south": {"uv": [5.5, 5.75, 6, 6.05], "texture": "#0"},
				"west": {"uv": [5.25, 5.25, 5.85, 5.75], "texture": "#0"},
				"up": {"uv": [4.5, 5, 5, 5.8], "texture": "#0"},
				"down": {"uv": [0, 0, 1, 1], "texture": "#0"}
			}
		},
		{
			"from": [8.35, 8.3, 4.925],
			"to": [8.65, 8.8, 5.625],
			"faces": {
				"north": {"uv": [0.5, 5, 1.5, 7], "texture": "#0"},
				"east": {"uv": [4.75, 6.75, 5.45, 7.25], "texture": "#0"},
				"south": {"uv": [5.5, 5.75, 6, 6.05], "texture": "#0"},
				"west": {"uv": [4.75, 5.25, 5.45, 5.75], "texture": "#0"},
				"up": {"uv": [4.5, 5, 5, 5.8], "texture": "#0"},
				"down": {"uv": [5.5, 5.75, 6, 6.05], "texture": "#0"}
			}
		},
		{
			"from": [8.35, 9.3, 4.925],
			"to": [8.65, 9.6, 5.625],
			"faces": {
				"north": {"uv": [0.5, 5, 1.5, 7], "texture": "#0"},
				"east": {"uv": [5.5, 5.25, 6.2, 5.55], "texture": "#0"},
				"south": {"uv": [5.5, 5.75, 6, 6.05], "texture": "#0"},
				"west": {"uv": [6.5, 5.75, 7.2, 6.05], "texture": "#0"},
				"up": {"uv": [4.5, 5, 5, 5.8], "texture": "#0"},
				"down": {"uv": [5.5, 5.75, 6, 6.05], "texture": "#0"}
			}
		},
		{
			"from": [8.35, 9.3, 6.625],
			"to": [8.65, 9.6, 7.025],
			"faces": {
				"north": {"uv": [5.75, 5, 6.05, 5.3], "texture": "#0"},
				"east": {"uv": [5, 5.5, 5.4, 5.8], "texture": "#0"},
				"south": {"uv": [1.5, 6.25, 2.1, 7.35], "texture": "#0"},
				"west": {"uv": [5.25, 5.25, 5.65, 5.55], "texture": "#0"},
				"up": {"uv": [4.5, 5, 5, 5.8], "texture": "#0"},
				"down": {"uv": [5.5, 5.75, 6, 6.05], "texture": "#0"}
			}
		},
		{
			"from": [8.35, 8.4, 6.625],
			"to": [8.65, 8.7, 7.025],
			"faces": {
				"north": {"uv": [5.5, 6, 5.8, 6.3], "texture": "#0"},
				"east": {"uv": [6.75, 7, 7.15, 7.3], "texture": "#0"},
				"south": {"uv": [1.5, 6.25, 2.1, 7.35], "texture": "#0"},
				"west": {"uv": [5.75, 5.5, 6.15, 5.8], "texture": "#0"},
				"up": {"uv": [4.5, 5, 5, 5.8], "texture": "#0"},
				"down": {"uv": [0, 0, 1, 1], "texture": "#0"}
			}
		},
		{
			"from": [8.35, 8.8, 4.925],
			"to": [8.65, 9.3, 5.525],
			"faces": {
				"north": {"uv": [0.5, 5, 1.5, 7], "texture": "#0"},
				"east": {"uv": [5, 6.25, 5.6, 6.75], "texture": "#0"},
				"south": {"uv": [5.5, 5.75, 6, 6.05], "texture": "#0"},
				"west": {"uv": [6.25, 4.75, 6.85, 5.25], "texture": "#0"},
				"up": {"uv": [4.5, 5, 5, 5.8], "texture": "#0"},
				"down": {"uv": [0, 0, 1, 1], "texture": "#0"}
			}
		},
		{
			"from": [8.25, 8.6, 4.625],
			"to": [8.75, 9.9, 4.925],
			"faces": {
				"north": {"uv": [5.25, 5, 5.75, 6.3], "texture": "#0"},
				"east": {"uv": [5, 4.5, 5.3, 5.8], "texture": "#0"},
				"south": {"uv": [5.5, 5.75, 6, 6.05], "texture": "#0"},
				"west": {"uv": [5.25, 4.75, 5.55, 6.05], "texture": "#0"},
				"up": {"uv": [5.5, 5.5, 6, 5.8], "texture": "#0"},
				"down": {"uv": [5.5, 5.75, 6, 6.05], "texture": "#0"}
			}
		},
		{
			"from": [8.25, 8.3, 4.725],
			"to": [8.75, 8.6, 5.025],
			"faces": {
				"north": {"uv": [5.5, 5.75, 6, 6.05], "texture": "#0"},
				"east": {"uv": [5.5, 5.75, 5.8, 6.05], "texture": "#0"},
				"south": {"uv": [5.5, 5.75, 6, 6.05], "texture": "#0"},
				"west": {"uv": [5.25, 5.25, 5.55, 5.55], "texture": "#0"},
				"up": {"uv": [4.75, 5, 5.25, 5.3], "texture": "#0"},
				"down": {"uv": [5.5, 5.75, 6, 6.05], "texture": "#0"}
			}
		},
		{
			"from": [8.25, 8.1, 5.025],
			"to": [8.75, 8.4, 5.325],
			"faces": {
				"north": {"uv": [5.5, 5.75, 6, 6.05], "texture": "#0"},
				"east": {"uv": [6.5, 5.5, 6.8, 5.8], "texture": "#0"},
				"south": {"uv": [5.5, 5.75, 6, 6.05], "texture": "#0"},
				"west": {"uv": [5.25, 5.25, 5.55, 5.55], "texture": "#0"},
				"up": {"uv": [5, 5, 5.5, 5.3], "texture": "#0"},
				"down": {"uv": [5.5, 5.75, 6, 6.05], "texture": "#0"}
			}
		},
		{
			"from": [8.25, 8, 5.325],
			"to": [8.75, 8.3, 5.625],
			"faces": {
				"north": {"uv": [5.5, 5.75, 6, 6.05], "texture": "#0"},
				"east": {"uv": [5.75, 5.25, 6.05, 5.55], "texture": "#0"},
				"south": {"uv": [5.5, 5.75, 6, 6.05], "texture": "#0"},
				"west": {"uv": [5.25, 5.25, 5.55, 5.55], "texture": "#0"},
				"up": {"uv": [5.75, 5, 6.25, 5.3], "texture": "#0"},
				"down": {"uv": [5.5, 5.75, 6, 6.05], "texture": "#0"}
			}
		},
		{
			"from": [8.275, 9.7, 8.625],
			"to": [8.725, 10.1, 8.825],
			"faces": {
				"north": {"uv": [0.5, 5, 1.5, 7], "texture": "#0"},
				"east": {"uv": [5.5, 5.25, 5.7, 5.65], "texture": "#0"},
				"south": {"uv": [5.75, 5.75, 6.2, 6.15], "texture": "#0"},
				"west": {"uv": [5.5, 5.25, 5.7, 5.65], "texture": "#0"},
				"up": {"uv": [5, 5.5, 5.45, 5.7], "texture": "#0"},
				"down": {"uv": [0, 0, 1, 1], "texture": "#0"}
			}
		},
		{
			"from": [8.275, 9.7, 8.825],
			"to": [8.725, 10, 9.025],
			"faces": {
				"north": {"uv": [0.5, 5, 1.5, 7], "texture": "#0"},
				"east": {"uv": [5.5, 5.75, 5.7, 6.05], "texture": "#0"},
				"south": {"uv": [5.75, 6, 6.2, 6.3], "texture": "#0"},
				"west": {"uv": [5.75, 5.5, 5.95, 5.8], "texture": "#0"},
				"up": {"uv": [5.5, 6, 5.95, 6.2], "texture": "#0"},
				"down": {"uv": [0, 0, 1, 1], "texture": "#0"}
			}
		},
		{
			"from": [8.275, 9.7, 9.025],
			"to": [8.725, 9.9, 9.225],
			"faces": {
				"north": {"uv": [0.5, 5, 1.5, 7], "texture": "#0"},
				"east": {"uv": [5.25, 5.75, 5.45, 5.95], "texture": "#0"},
				"south": {"uv": [5.25, 5.75, 5.7, 5.95], "texture": "#0"},
				"west": {"uv": [5.75, 5.5, 5.95, 5.8], "texture": "#0"},
				"up": {"uv": [4.75, 5.5, 5.2, 5.7], "texture": "#0"},
				"down": {"uv": [0, 0, 1, 1], "texture": "#0"}
			}
		},
		{
			"from": [8.275, 9.7, 9.225],
			"to": [8.725, 9.8, 9.425],
			"faces": {
				"north": {"uv": [0.5, 5, 1.5, 7], "texture": "#0"},
				"east": {"uv": [5.25, 6, 5.45, 6.1], "texture": "#0"},
				"south": {"uv": [6.5, 6.75, 6.95, 6.85], "texture": "#0"},
				"west": {"uv": [5.75, 5.5, 5.95, 5.8], "texture": "#0"},
				"up": {"uv": [5.25, 6.25, 5.7, 6.45], "texture": "#0"},
				"down": {"uv": [5, 5.75, 5.5, 5.95], "texture": "#0"}
			}
		},
		{
			"from": [8.275, 9.3, 7.625],
			"to": [8.725, 9.7, 7.825],
			"faces": {
				"north": {"uv": [0.5, 5, 1.5, 7], "texture": "#0"},
				"east": {"uv": [7.5, 5.75, 7.7, 6.15], "texture": "#0"},
				"south": {"uv": [5.25, 5.5, 5.85, 6.6], "texture": "#0"},
				"west": {"uv": [7.5, 4.5, 7.7, 4.9], "texture": "#0"},
				"up": {"uv": [0.75, 1, 1.75, 2], "texture": "#0"},
				"down": {"uv": [6, 5.25, 6.5, 5.45], "texture": "#0"}
			}
		},
		{
			"from": [8.275, 9.4, 7.825],
			"to": [8.725, 9.7, 8.025],
			"faces": {
				"north": {"uv": [0.5, 5, 1.5, 7], "texture": "#0"},
				"east": {"uv": [4.75, 5.25, 4.95, 5.55], "texture": "#0"},
				"south": {"uv": [6.25, 5.75, 6.85, 6.85], "texture": "#0"},
				"west": {"uv": [5, 5, 5.2, 5.3], "texture": "#0"},
				"up": {"uv": [0.75, 1, 1.75, 2], "texture": "#0"},
				"down": {"uv": [5.75, 5.75, 6.25, 5.95], "texture": "#0"}
			}
		},
		{
			"from": [8.275, 9.5, 8.025],
			"to": [8.725, 9.7, 8.425],
			"faces": {
				"north": {"uv": [0.5, 5, 1.5, 7], "texture": "#0"},
				"east": {"uv": [5.5, 5.5, 5.9, 5.7], "texture": "#0"},
				"south": {"uv": [5.25, 6.75, 5.75, 6.95], "texture": "#0"},
				"west": {"uv": [5, 5.75, 5.4, 5.95], "texture": "#0"},
				"up": {"uv": [0.75, 1, 1.75, 2], "texture": "#0"},
				"down": {"uv": [5, 6, 5.5, 6.4], "texture": "#0"}
			}
		},
		{
			"from": [8.275, 9.55, 8.425],
			"to": [8.725, 9.7, 8.825],
			"faces": {
				"north": {"uv": [0.5, 5, 1.5, 7], "texture": "#0"},
				"east": {"uv": [5.5, 6.25, 5.9, 6.4], "texture": "#0"},
				"south": {"uv": [4.75, 5.25, 5.25, 5.4], "texture": "#0"},
				"west": {"uv": [5.75, 5.5, 5.95, 5.8], "texture": "#0"},
				"up": {"uv": [0.75, 1, 1.75, 2], "texture": "#0"},
				"down": {"uv": [5.5, 5.75, 6, 6.15], "texture": "#0"}
			}
		},
		{
			"from": [8.275, 9.625, 8.825],
			"to": [8.725, 9.7, 9.225],
			"faces": {
				"north": {"uv": [0.5, 5, 1.5, 7], "texture": "#0"},
				"east": {"uv": [6.25, 5.75, 6.65, 5.825], "texture": "#0"},
				"south": {"uv": [5, 5.75, 5.5, 5.825], "texture": "#0"},
				"west": {"uv": [5.75, 5.5, 5.95, 5.8], "texture": "#0"},
				"up": {"uv": [0.75, 1, 1.75, 2], "texture": "#0"},
				"down": {"uv": [5.25, 6, 5.75, 6.4], "texture": "#0"}
			}
		},
		{
			"from": [8.175, 2, 7.075],
			"to": [8.8, 4, 7.875],
			"faces": {
				"north": {"uv": [1.5, 4.25, 2.125, 6.25], "texture": "#0"},
				"east": {"uv": [1, 5.25, 1.8, 7.25], "texture": "#0"},
				"south": {"uv": [2, 5, 2.625, 7], "texture": "#0"},
				"west": {"uv": [0.75, 5.5, 1.75, 7.5], "texture": "#0"},
				"up": {"uv": [0.5, 5.25, 1.125, 6.25], "texture": "#0"},
				"down": {"uv": [1, 5.25, 1.625, 6.05], "texture": "#0"}
			}
		}
	],
	"display": {
		"thirdperson_righthand": {
			"translation": [0, 5, 1.25]
		},
		"thirdperson_lefthand": {
			"translation": [0, 6, 1.5]
		},
		"firstperson_righthand": {
			"rotation": [-1, 6, 10],
			"translation": [2.5, 9.25, 0],
			"scale": [2, 2, 2]
		},
		"firstperson_lefthand": {
			"rotation": [-3, -8, 3],
			"translation": [0, 9, 4],
			"scale": [1.5, 1.5, 1.5]
		},
		"ground": {
			"rotation": [0, 0, 90],
			"translation": [-1.75, -4, 0]
		},
		"gui": {
			"rotation": [0, 90, 0],
			"translation": [1.5, 4.25, 0],
			"scale": [1.5, 1.5, 1.5]
		}
	}
}