{
	"credit": "NZ",
	"textures": {
		"0": "blocks/tools",
		"particle": "blocks/tools"
	},
	"elements": [
		{
			"from": [7, -1, 8.1],
			"to": [8, 3, 8.9],
			"faces": {
				"north": {"uv": [9.5, 0, 10.3, 4], "texture": "#0"},
				"east": {"uv": [8.5, 0, 9.3, 4], "texture": "#0"},
				"south": {"uv": [9.5, 0, 10.3, 4], "texture": "#0"},
				"west": {"uv": [9.5, 0, 10.3, 4], "texture": "#0"},
				"up": {"uv": [8.75, 0.5, 9.75, 1.3], "texture": "#0"},
				"down": {"uv": [9.5, 1.25, 10.5, 2.05], "texture": "#0"}
			}
		},
		{
			"from": [7.1, -1.025, 8],
			"to": [7.9, 3, 9],
			"faces": {
				"north": {"uv": [9.5, 0, 10.3, 4], "texture": "#0"},
				"east": {"uv": [9.5, 0, 10.3, 4], "texture": "#0"},
				"south": {"uv": [9.5, 0, 10.3, 4], "texture": "#0"},
				"west": {"uv": [9.5, 0, 10.3, 4], "texture": "#0"},
				"up": {"uv": [9.75, 1, 10.55, 2], "texture": "#0"},
				"down": {"uv": [8.75, 0.75, 9.55, 1.75], "texture": "#0"}
			}
		},
		{
			"from": [7, 3, 8.1],
			"to": [8, 7, 8.9],
			"faces": {
				"north": {"uv": [9.5, 0, 10.3, 4], "texture": "#0"},
				"east": {"uv": [8.5, 0, 9.3, 4], "texture": "#0"},
				"south": {"uv": [9.5, 0, 10.3, 4], "texture": "#0"},
				"west": {"uv": [9.5, 0, 10.3, 4], "texture": "#0"},
				"up": {"uv": [10.25, 2, 11.25, 2.8], "texture": "#0"},
				"down": {"uv": [0, 0, 1, 0.8], "texture": "#missing"}
			}
		},
		{
			"from": [7.1, 3, 8],
			"to": [7.9, 7, 9],
			"faces": {
				"north": {"uv": [9.5, 0, 10.3, 4], "texture": "#0"},
				"east": {"uv": [9.5, 0, 10.3, 4], "texture": "#0"},
				"south": {"uv": [9.5, 0, 10.3, 4], "texture": "#0"},
				"west": {"uv": [9.5, 0, 10.3, 4], "texture": "#0"},
				"up": {"uv": [9.25, 1.25, 10.05, 2.25], "texture": "#0"},
				"down": {"uv": [0, 0, 0.8, 1], "texture": "#missing"}
			}
		},
		{
			"from": [7.1, 7, 7.9],
			"to": [7.9, 7.8, 8.9],
			"faces": {
				"north": {"uv": [0, 0, 0.8, 0.8], "texture": "#missing"},
				"east": {"uv": [9.25, 1.5, 10.25, 2.3], "texture": "#0"},
				"south": {"uv": [9.75, 2, 10.55, 2.8], "texture": "#0"},
				"west": {"uv": [9.5, 0.5, 10.5, 1.3], "texture": "#0"},
				"up": {"uv": [8.75, 1.25, 9.55, 2.25], "texture": "#0"},
				"down": {"uv": [9.75, 1.25, 10.55, 2.25], "texture": "#0"}
			}
		},
		{
			"from": [7, 7, 7.875],
			"to": [8, 8, 8.7],
			"faces": {
				"north": {"uv": [9.5, 0.5, 10.5, 1.5], "texture": "#0"},
				"east": {"uv": [10.25, 1.75, 11.05, 2.75], "texture": "#0"},
				"south": {"uv": [9.75, 0, 10.75, 1], "texture": "#0"},
				"west": {"uv": [9.75, 0.5, 10.55, 1.5], "texture": "#0"},
				"up": {"uv": [9.5, 1, 10.5, 1.8], "texture": "#0"},
				"down": {"uv": [9, 1.5, 10, 2.325], "texture": "#0"}
			}
		},
		{
			"from": [7.1, 7.6, 7.5],
			"to": [7.9, 8.5, 8.5],
			"faces": {
				"north": {"uv": [0, 0, 0.8, 0.9], "texture": "#missing"},
				"east": {"uv": [9.25, 1.25, 10.25, 2.15], "texture": "#0"},
				"south": {"uv": [9.25, 1, 10.05, 1.9], "texture": "#0"},
				"west": {"uv": [9.5, 0.25, 10.5, 1.15], "texture": "#0"},
				"up": {"uv": [8.75, 1.25, 9.55, 2.25], "texture": "#0"},
				"down": {"uv": [10, 1.5, 10.8, 2.5], "texture": "#0"}
			}
		},
		{
			"from": [7.1, 8.175, 6.625],
			"to": [7.9, 9.2, 7.5],
			"faces": {
				"north": {"uv": [0.75, 6.25, 1.55, 7.25], "texture": "#0"},
				"east": {"uv": [10, 0.5, 10.8, 1.5], "texture": "#0"},
				"south": {"uv": [9.25, 2, 10.05, 3], "texture": "#0"},
				"west": {"uv": [9.25, 1.25, 10.05, 1.35], "texture": "#0"},
				"up": {"uv": [9.25, 2.25, 10.05, 3.05], "texture": "#0"},
				"down": {"uv": [9.5, 0.5, 10.3, 1.3], "texture": "#0"}
			}
		},
		{
			"from": [7.1, 9.1, 5.9],
			"to": [7.9, 9.2, 6.7],
			"faces": {
				"north": {"uv": [10, 1.75, 10.8, 1.85], "texture": "#0"},
				"east": {"uv": [9.25, 0.75, 10.05, 0.85], "texture": "#0"},
				"south": {"uv": [0, 0, 0.8, 0.1], "texture": "#missing"},
				"west": {"uv": [9.25, 1.25, 10.05, 1.35], "texture": "#0"},
				"up": {"uv": [9.5, 2.25, 10.3, 3.05], "texture": "#0"},
				"down": {"uv": [9.25, 1.75, 10.05, 2.55], "texture": "#0"}
			}
		},
		{
			"from": [7.1, 8.2, 5.9],
			"to": [7.9, 8.3, 6.7],
			"faces": {
				"north": {"uv": [10, 1.75, 10.8, 1.85], "texture": "#0"},
				"east": {"uv": [9.25, 0.75, 10.05, 0.85], "texture": "#0"},
				"south": {"uv": [0, 0, 0.8, 0.1], "texture": "#missing"},
				"west": {"uv": [10, 1.75, 10.8, 1.85], "texture": "#0"},
				"up": {"uv": [9.25, 1.75, 10.05, 2.55], "texture": "#0"},
				"down": {"uv": [9.25, 0.75, 10.05, 1.55], "texture": "#0"}
			}
		},
		{
			"from": [7, 8.3, 6.7],
			"to": [8, 9.1, 7.5],
			"faces": {
				"north": {"uv": [0, 0, 1, 0.8], "texture": "#missing"},
				"east": {"uv": [9.25, 1.75, 10.05, 2.55], "texture": "#0"},
				"south": {"uv": [9.5, 1.5, 10.5, 2.3], "texture": "#0"},
				"west": {"uv": [10.25, 0.25, 11.05, 1.05], "texture": "#0"},
				"up": {"uv": [8.5, 0.75, 9.5, 1.55], "texture": "#0"},
				"down": {"uv": [8.75, 0.25, 9.75, 1.05], "texture": "#0"}
			}
		},
		{
			"from": [7, 8.3, 5.9],
			"to": [7.1, 9.1, 6.7],
			"faces": {
				"north": {"uv": [10, 0.5, 10.1, 1.3], "texture": "#0"},
				"east": {"uv": [9.25, 1.75, 10.05, 2.55], "texture": "#0"},
				"south": {"uv": [0, 0, 0.1, 0.8], "texture": "#missing"},
				"west": {"uv": [10, 1.5, 10.8, 2.3], "texture": "#0"},
				"up": {"uv": [10, 1, 10.1, 1.8], "texture": "#0"},
				"down": {"uv": [10.75, 2, 10.85, 2.8], "texture": "#0"}
			}
		},
		{
			"from": [7.9, 8.3, 5.9],
			"to": [8, 9.1, 6.7],
			"faces": {
				"north": {"uv": [10, 0.5, 10.1, 1.3], "texture": "#0"},
				"east": {"uv": [9.25, 3, 10.05, 3.8], "texture": "#0"},
				"south": {"uv": [0, 0, 0.1, 0.8], "texture": "#missing"},
				"west": {"uv": [9.25, 1.75, 10.05, 2.55], "texture": "#0"},
				"up": {"uv": [10, 0.5, 10.1, 1.3], "texture": "#0"},
				"down": {"uv": [9.75, 2, 9.85, 2.8], "texture": "#0"}
			}
		},
		{
			"from": [7.1, 8.15, 7.1],
			"to": [7.9, 9, 8.1],
			"faces": {
				"north": {"uv": [10, 1.25, 10.8, 2.075], "texture": "#0"},
				"east": {"uv": [9, 2.25, 10, 3.05], "texture": "#0"},
				"south": {"uv": [9.25, 2, 10.05, 2.8], "texture": "#0"},
				"west": {"uv": [9, 1.5, 10, 2.3], "texture": "#0"},
				"up": {"uv": [8.75, 1.25, 9.55, 2.25], "texture": "#0"},
				"down": {"uv": [9.5, 0.25, 10.3, 1.25], "texture": "#0"}
			}
		},
		{
			"from": [7.025, 7.575, 7.4],
			"to": [7.975, 8.6, 8.2],
			"faces": {
				"north": {"uv": [9.5, 0, 10.45, 1.025], "texture": "#0"},
				"east": {"uv": [9.75, 0.25, 10.55, 1.25], "texture": "#0"},
				"south": {"uv": [10, 1.25, 10.95, 2.25], "texture": "#0"},
				"west": {"uv": [9.25, 2, 10.05, 3], "texture": "#0"},
				"up": {"uv": [9.25, 1, 10.2, 1.8], "texture": "#0"},
				"down": {"uv": [10, 2.25, 10.95, 3.05], "texture": "#0"}
			}
		},
		{
			"from": [6.9, 3.2, 7.9],
			"to": [8.1, 4.2, 9.1],
			"faces": {
				"north": {"uv": [9.25, 1, 10.45, 2], "texture": "#0"},
				"east": {"uv": [8.5, 0.75, 9.7, 1.75], "texture": "#0"},
				"south": {"uv": [9.75, 0.5, 10.95, 1.5], "texture": "#0"},
				"west": {"uv": [9, 0.75, 10.2, 1.75], "texture": "#0"},
				"up": {"uv": [9.25, 0.5, 10.45, 1.7], "texture": "#0"},
				"down": {"uv": [9.25, 2.5, 10.45, 3.7], "texture": "#0"}
			}
		}
	],
	"display": {
		"thirdperson_righthand": {
			"translation": [0.25, 8, 0.5],
			"scale": [1.5, 1.5, 1.5]
		},
		"thirdperson_lefthand": {
			"translation": [-1.5, 7.75, 0.25],
			"scale": [1.5, 1.5, 1.5]
		},
		"firstperson_righthand": {
			"rotation": [-11, 0, 0],
			"translation": [3.5, 11.75, -1.75],
			"scale": [2, 2, 2]
		},
		"firstperson_lefthand": {
			"rotation": [-10, 0, 0],
			"translation": [0, 11.75, 0],
			"scale": [2, 2, 2]
		},
		"ground": {
			"rotation": [0, 0, 90],
			"translation": [0, -3, 0]
		},
		"gui": {
			"rotation": [0, 90, 0],
			"translation": [0, 6, 0],
			"scale": [1.5, 1.5, 1.5]
		}
	}
}