{
	"credit": "NZ",
	"textures": {
		"0": "blocks/tools",
		"particle": "blocks/tools"
	},
	"elements": [
		{
			"from": [7, 1.3, 7],
			"to": [8, 1.9, 9],
			"faces": {
				"north": {"uv": [2.25, 6.75, 3.25, 7.35], "texture": "#0"},
				"east": {"uv": [0.75, 6.25, 2.75, 6.85], "texture": "#0"},
				"south": {"uv": [1.25, 6.75, 2.25, 7.35], "texture": "#0"},
				"west": {"uv": [0.75, 6.25, 2.75, 6.85], "texture": "#0"},
				"up": {"uv": [1.25, 5.5, 2.25, 7.5], "texture": "#0"},
				"down": {"uv": [1.5, 5.5, 2.5, 7.5], "texture": "#0"}
			}
		},
		{
			"from": [7, 1.9, 7],
			"to": [8, 2.5, 8.8],
			"faces": {
				"north": {"uv": [0.75, 5.75, 1.75, 6.35], "texture": "#0"},
				"east": {"uv": [0.75, 5.25, 2.55, 5.85], "texture": "#0"},
				"south": {"uv": [1.5, 6.25, 2.5, 6.85], "texture": "#0"},
				"west": {"uv": [0.75, 5.25, 2.55, 5.85], "texture": "#0"},
				"up": {"uv": [1.25, 5.5, 2.25, 7.3], "texture": "#0"},
				"down": {"uv": [0, 0, 1, 1.8], "texture": "#missing"}
			}
		},
		{
			"from": [7, 2.5, 7],
			"to": [8, 3.1, 8.6],
			"faces": {
				"north": {"uv": [1, 5.5, 2, 6.1], "texture": "#0"},
				"east": {"uv": [0.25, 5.75, 1.85, 6.35], "texture": "#0"},
				"south": {"uv": [0.5, 5.25, 1.5, 5.85], "texture": "#0"},
				"west": {"uv": [0.25, 5.75, 1.85, 6.35], "texture": "#0"},
				"up": {"uv": [1.25, 5.75, 2.25, 7.35], "texture": "#0"},
				"down": {"uv": [0, 0, 1, 1.6], "texture": "#missing"}
			}
		},
		{
			"from": [7, 1.05, 7.2],
			"to": [8, 1.3, 8.775],
			"faces": {
				"north": {"uv": [1.5, 7, 2.5, 7.25], "texture": "#0"},
				"east": {"uv": [0.25, 6, 1.825, 6.25], "texture": "#0"},
				"south": {"uv": [1.5, 6.75, 2.5, 7], "texture": "#0"},
				"west": {"uv": [0.25, 6, 1.825, 6.25], "texture": "#0"},
				"up": {"uv": [0, 0, 1, 1.575], "texture": "#missing"},
				"down": {"uv": [1, 5.5, 2, 7.075], "texture": "#0"}
			}
		},
		{
			"from": [7, 3.1, 7],
			"to": [8, 6.975, 8.4],
			"faces": {
				"north": {"uv": [0, 4, 1, 7.875], "texture": "#0"},
				"east": {"uv": [0, 4, 1.4, 7.875], "texture": "#0"},
				"south": {"uv": [0.5, 4, 1.5, 7.875], "texture": "#0"},
				"west": {"uv": [0, 4, 1.4, 7.875], "texture": "#0"},
				"up": {"uv": [0.75, 5.75, 1.75, 7.15], "texture": "#0"},
				"down": {"uv": [0, 0, 1, 1.4], "texture": "#missing"}
			}
		},
		{
			"from": [7, 6.425, 8.4],
			"to": [8, 6.975, 8.575],
			"faces": {
				"north": {"uv": [0, 0, 1, 0.225], "texture": "#missing"},
				"east": {"uv": [9.75, 2.75, 9.825, 3.3], "texture": "#0"},
				"south": {"uv": [8.75, 1.75, 9.75, 2.3], "texture": "#0"},
				"west": {"uv": [9.25, 2.5, 9.425, 3.05], "texture": "#0"},
				"up": {"uv": [9.25, 3, 10.25, 3.175], "texture": "#0"},
				"down": {"uv": [9.5, 2.25, 10.5, 2.425], "texture": "#0"}
			}
		},
		{
			"from": [7.2, 3.125, 8.4],
			"to": [7.8, 6.425, 8.55],
			"faces": {
				"north": {"uv": [0, 0, 0.6, 4.975], "texture": "#missing"},
				"east": {"uv": [0.75, 4.25, 0.9, 7.55], "texture": "#0"},
				"south": {"uv": [0, 4.25, 0.6, 7.55], "texture": "#0"},
				"west": {"uv": [0.75, 4.5, 0.9, 7.8], "texture": "#0"},
				"up": {"uv": [0, 0, 0.6, 0.15], "texture": "#missing"},
				"down": {"uv": [0, 6.5, 0.6, 6.65], "texture": "#0"}
			}
		},
		{
			"from": [7.4, 3.125, 8.55],
			"to": [7.6, 5.625, 8.65],
			"faces": {
				"north": {"uv": [0, 0, 0.2, 4.975], "texture": "#missing"},
				"east": {"uv": [0.25, 5, 0.35, 7.5], "texture": "#0"},
				"south": {"uv": [1, 5, 1.2, 7.5], "texture": "#0"},
				"west": {"uv": [1.75, 5.5, 1.85, 8], "texture": "#0"},
				"up": {"uv": [1.5, 5.25, 1.7, 5.35], "texture": "#0"},
				"down": {"uv": [0, 0, 0.2, 0.1], "texture": "#missing"}
			}
		},
		{
			"from": [7.2, 2.5, 8.6],
			"to": [7.8, 3.1, 8.75],
			"faces": {
				"north": {"uv": [0, 0, 0.6, 0.6], "texture": "#missing"},
				"east": {"uv": [1, 5.5, 1.15, 6.1], "texture": "#0"},
				"south": {"uv": [1.5, 7, 2.1, 7.6], "texture": "#0"},
				"west": {"uv": [1.75, 6, 1.9, 6.6], "texture": "#0"},
				"up": {"uv": [1.25, 5.75, 1.85, 5.9], "texture": "#0"},
				"down": {"uv": [0, 0, 0.6, 0.15], "texture": "#missing"}
			}
		},
		{
			"from": [7.4, 2.5, 8.75],
			"to": [7.6, 3.1, 8.85],
			"faces": {
				"north": {"uv": [0, 0, 0.2, 0.6], "texture": "#missing"},
				"east": {"uv": [2.75, 5.25, 2.85, 5.85], "texture": "#0"},
				"south": {"uv": [1.25, 7, 1.45, 7.6], "texture": "#0"},
				"west": {"uv": [1.75, 5, 1.85, 5.6], "texture": "#0"},
				"up": {"uv": [1.75, 6, 1.95, 6.1], "texture": "#0"},
				"down": {"uv": [0, 0, 0.2, 0.1], "texture": "#missing"}
			}
		},
		{
			"from": [7.4, 1.9, 8.95],
			"to": [7.6, 2.5, 9.05],
			"faces": {
				"north": {"uv": [0, 0, 0.2, 0.6], "texture": "#missing"},
				"east": {"uv": [2.5, 5.75, 2.6, 6.35], "texture": "#0"},
				"south": {"uv": [2.75, 6.5, 2.95, 7.1], "texture": "#0"},
				"west": {"uv": [1.5, 7.25, 1.6, 7.85], "texture": "#0"},
				"up": {"uv": [2.5, 6.75, 2.7, 6.85], "texture": "#0"},
				"down": {"uv": [0, 0, 0.2, 0.1], "texture": "#missing"}
			}
		},
		{
			"from": [7.2, 1.9, 8.8],
			"to": [7.8, 2.5, 8.95],
			"faces": {
				"north": {"uv": [0, 0, 0.6, 0.6], "texture": "#missing"},
				"east": {"uv": [2, 6.75, 2.15, 7.35], "texture": "#0"},
				"south": {"uv": [2.25, 7, 2.85, 7.6], "texture": "#0"},
				"west": {"uv": [2.75, 6.75, 2.9, 7.35], "texture": "#0"},
				"up": {"uv": [2, 6.5, 2.6, 6.65], "texture": "#0"},
				"down": {"uv": [0, 0, 0.6, 0.15], "texture": "#missing"}
			}
		},
		{
			"from": [7.4, 1.3, 9.15],
			"to": [7.6, 1.9, 9.25],
			"faces": {
				"north": {"uv": [0, 0, 0.2, 0.6], "texture": "#missing"},
				"east": {"uv": [3, 6.25, 3.1, 6.85], "texture": "#0"},
				"south": {"uv": [3, 6.25, 3.2, 6.85], "texture": "#0"},
				"west": {"uv": [1.75, 6.25, 1.85, 6.85], "texture": "#0"},
				"up": {"uv": [1.75, 6.25, 1.95, 6.35], "texture": "#0"},
				"down": {"uv": [2, 5.25, 2.2, 5.35], "texture": "#0"}
			}
		},
		{
			"from": [7.2, 1.3, 9],
			"to": [7.8, 1.9, 9.15],
			"faces": {
				"north": {"uv": [0, 0, 0.6, 0.6], "texture": "#missing"},
				"east": {"uv": [2.75, 5.5, 2.9, 6.1], "texture": "#0"},
				"south": {"uv": [2.25, 6, 2.85, 6.6], "texture": "#0"},
				"west": {"uv": [1.5, 6.25, 1.65, 6.85], "texture": "#0"},
				"up": {"uv": [2, 6.25, 2.6, 6.4], "texture": "#0"},
				"down": {"uv": [1.5, 6.5, 2.1, 6.65], "texture": "#0"}
			}
		},
		{
			"from": [7.2, 6.425, 8.575],
			"to": [7.8, 6.975, 8.75],
			"faces": {
				"north": {"uv": [0, 0, 1, 0.225], "texture": "#missing"},
				"east": {"uv": [9.75, 2.75, 9.825, 3.3], "texture": "#0"},
				"south": {"uv": [10.25, 2.5, 10.85, 3.05], "texture": "#0"},
				"west": {"uv": [9.75, 3, 9.925, 3.55], "texture": "#0"},
				"up": {"uv": [9.75, 0.75, 10.35, 0.925], "texture": "#0"},
				"down": {"uv": [9.25, 1.25, 9.85, 1.425], "texture": "#0"}
			}
		},
		{
			"from": [7.3, 6.425, 8.75],
			"to": [7.7, 6.975, 8.825],
			"faces": {
				"north": {"uv": [0, 0, 1, 0.225], "texture": "#missing"},
				"east": {"uv": [9.75, 2.75, 9.825, 3.3], "texture": "#0"},
				"south": {"uv": [10, 0.75, 10.4, 1.3], "texture": "#0"},
				"west": {"uv": [9.75, 2.75, 9.825, 3.3], "texture": "#0"},
				"up": {"uv": [9.25, 1, 9.65, 1.075], "texture": "#0"},
				"down": {"uv": [9.75, 1.25, 10.15, 1.325], "texture": "#0"}
			}
		},
		{
			"from": [7.4, 5.625, 8.55],
			"to": [7.6, 6.275, 8.6],
			"faces": {
				"north": {"uv": [0, 0, 0.2, 4.975], "texture": "#missing"},
				"east": {"uv": [2, 5.75, 2.05, 6.4], "texture": "#0"},
				"south": {"uv": [1.75, 5.5, 1.95, 6.15], "texture": "#0"},
				"west": {"uv": [1.5, 5.25, 1.55, 5.9], "texture": "#0"},
				"up": {"uv": [1.75, 5.5, 1.95, 5.55], "texture": "#0"},
				"down": {"uv": [0, 0, 0.2, 0.1], "texture": "#missing"}
			}
		},
		{
			"from": [7.3, 6.975, 7.1],
			"to": [7.7, 7.875, 8.4],
			"faces": {
				"north": {"uv": [13, 0.75, 13.4, 1.65], "texture": "#0"},
				"east": {"uv": [13, 3, 14.3, 3.9], "texture": "#0"},
				"south": {"uv": [10.5, 2, 10.9, 2.9], "texture": "#0"},
				"west": {"uv": [13, 3, 14.3, 3.9], "texture": "#0"},
				"up": {"uv": [13, 0, 13.1, 0.2], "texture": "#0"},
				"down": {"uv": [0, 0, 1, 1.4], "texture": "#missing"}
			}
		},
		{
			"from": [7.3, 8.075, 7.2],
			"to": [7.7, 8.275, 7.3],
			"faces": {
				"north": {"uv": [13, 0, 13.1, 0.2], "texture": "#0"},
				"east": {"uv": [13, 0, 13.1, 0.2], "texture": "#0"},
				"south": {"uv": [13, 0, 13.1, 0.2], "texture": "#0"},
				"west": {"uv": [13, 0, 13.1, 0.2], "texture": "#0"},
				"up": {"uv": [13, 0, 13.1, 0.2], "texture": "#0"},
				"down": {"uv": [13, 0, 13.1, 0.2], "texture": "#0"}
			}
		},
		{
			"from": [7.3, 8.475, 7.2],
			"to": [7.7, 8.675, 7.3],
			"faces": {
				"north": {"uv": [13, 0, 13.1, 0.2], "texture": "#0"},
				"east": {"uv": [13, 0, 13.1, 0.2], "texture": "#0"},
				"south": {"uv": [13, 0, 13.1, 0.2], "texture": "#0"},
				"west": {"uv": [13, 0, 13.1, 0.2], "texture": "#0"},
				"up": {"uv": [13, 0, 13.1, 0.2], "texture": "#0"},
				"down": {"uv": [13, 0, 13.1, 0.2], "texture": "#0"}
			}
		},
		{
			"from": [7.3, 8.175, 7.1],
			"to": [7.7, 8.275, 7.2],
			"faces": {
				"north": {"uv": [13, 0, 13.1, 0.2], "texture": "#0"},
				"east": {"uv": [13, 0, 13.1, 0.2], "texture": "#0"},
				"south": {"uv": [13, 0, 13.1, 0.2], "texture": "#0"},
				"west": {"uv": [13, 0, 13.1, 0.2], "texture": "#0"},
				"up": {"uv": [13, 0, 13.1, 0.2], "texture": "#0"},
				"down": {"uv": [13, 0, 13.1, 0.2], "texture": "#0"}
			}
		},
		{
			"from": [7.3, 8.575, 7.1],
			"to": [7.7, 8.675, 7.2],
			"faces": {
				"north": {"uv": [13, 0, 13.1, 0.2], "texture": "#0"},
				"east": {"uv": [13, 0, 13.1, 0.2], "texture": "#0"},
				"south": {"uv": [13, 0, 13.1, 0.2], "texture": "#0"},
				"west": {"uv": [13, 0, 13.1, 0.2], "texture": "#0"},
				"up": {"uv": [13, 0, 13.1, 0.2], "texture": "#0"},
				"down": {"uv": [13, 0, 13.1, 0.2], "texture": "#0"}
			}
		},
		{
			"from": [7.3, 9.375, 7.1],
			"to": [7.7, 9.475, 7.2],
			"faces": {
				"north": {"uv": [13, 0, 13.1, 0.2], "texture": "#0"},
				"east": {"uv": [13, 0, 13.1, 0.2], "texture": "#0"},
				"south": {"uv": [13, 0, 13.1, 0.2], "texture": "#0"},
				"west": {"uv": [13, 0, 13.1, 0.2], "texture": "#0"},
				"up": {"uv": [13, 0, 13.1, 0.2], "texture": "#0"},
				"down": {"uv": [13, 0, 13.1, 0.2], "texture": "#0"}
			}
		},
		{
			"from": [7.3, 9.275, 7.2],
			"to": [7.7, 9.475, 7.3],
			"faces": {
				"north": {"uv": [13, 0, 13.1, 0.2], "texture": "#0"},
				"east": {"uv": [13, 0, 13.1, 0.2], "texture": "#0"},
				"south": {"uv": [13, 0, 13.1, 0.2], "texture": "#0"},
				"west": {"uv": [13, 0, 13.1, 0.2], "texture": "#0"},
				"up": {"uv": [13, 0, 13.1, 0.2], "texture": "#0"},
				"down": {"uv": [13, 0, 13.1, 0.2], "texture": "#0"}
			}
		},
		{
			"from": [7.3, 8.975, 7.1],
			"to": [7.7, 9.075, 7.2],
			"faces": {
				"north": {"uv": [13, 0, 13.1, 0.2], "texture": "#0"},
				"east": {"uv": [13, 0, 13.1, 0.2], "texture": "#0"},
				"south": {"uv": [13, 0, 13.1, 0.2], "texture": "#0"},
				"west": {"uv": [13, 0, 13.1, 0.2], "texture": "#0"},
				"up": {"uv": [13, 0, 13.1, 0.2], "texture": "#0"},
				"down": {"uv": [13, 0, 13.1, 0.2], "texture": "#0"}
			}
		},
		{
			"from": [7.3, 8.875, 7.2],
			"to": [7.7, 9.075, 7.3],
			"faces": {
				"north": {"uv": [13, 0, 13.1, 0.2], "texture": "#0"},
				"east": {"uv": [13, 0, 13.1, 0.2], "texture": "#0"},
				"south": {"uv": [13, 0, 13.1, 0.2], "texture": "#0"},
				"west": {"uv": [13, 0, 13.1, 0.2], "texture": "#0"},
				"up": {"uv": [13, 0, 13.1, 0.2], "texture": "#0"},
				"down": {"uv": [13, 0, 13.1, 0.2], "texture": "#0"}
			}
		},
		{
			"from": [7.3, 10.175, 7.1],
			"to": [7.7, 10.275, 7.2],
			"faces": {
				"north": {"uv": [13, 0, 13.1, 0.2], "texture": "#0"},
				"east": {"uv": [13, 0, 13.1, 0.2], "texture": "#0"},
				"south": {"uv": [13, 0, 13.1, 0.2], "texture": "#0"},
				"west": {"uv": [13, 0, 13.1, 0.2], "texture": "#0"},
				"up": {"uv": [13, 0, 13.1, 0.2], "texture": "#0"},
				"down": {"uv": [13, 0, 13.1, 0.2], "texture": "#0"}
			}
		},
		{
			"from": [7.3, 10.075, 7.2],
			"to": [7.7, 10.275, 7.3],
			"faces": {
				"north": {"uv": [13, 0, 13.1, 0.2], "texture": "#0"},
				"east": {"uv": [13, 0, 13.1, 0.2], "texture": "#0"},
				"south": {"uv": [13, 0, 13.1, 0.2], "texture": "#0"},
				"west": {"uv": [13, 0, 13.1, 0.2], "texture": "#0"},
				"up": {"uv": [13, 0, 13.1, 0.2], "texture": "#0"},
				"down": {"uv": [13, 0, 13.1, 0.2], "texture": "#0"}
			}
		},
		{
			"from": [7.3, 9.775, 7.1],
			"to": [7.7, 9.875, 7.2],
			"faces": {
				"north": {"uv": [13, 0, 13.1, 0.2], "texture": "#0"},
				"east": {"uv": [13, 0, 13.1, 0.2], "texture": "#0"},
				"south": {"uv": [13, 0, 13.1, 0.2], "texture": "#0"},
				"west": {"uv": [13, 0, 13.1, 0.2], "texture": "#0"},
				"up": {"uv": [13, 0, 13.1, 0.2], "texture": "#0"},
				"down": {"uv": [13, 0, 13.1, 0.2], "texture": "#0"}
			}
		},
		{
			"from": [7.3, 9.675, 7.2],
			"to": [7.7, 9.875, 7.3],
			"faces": {
				"north": {"uv": [13, 0, 13.1, 0.2], "texture": "#0"},
				"east": {"uv": [13, 0, 13.1, 0.2], "texture": "#0"},
				"south": {"uv": [13, 0, 13.1, 0.2], "texture": "#0"},
				"west": {"uv": [13, 0, 13.1, 0.2], "texture": "#0"},
				"up": {"uv": [13, 0, 13.1, 0.2], "texture": "#0"},
				"down": {"uv": [13, 0, 13.1, 0.2], "texture": "#0"}
			}
		},
		{
			"from": [7.3, 10.975, 7.1],
			"to": [7.7, 11.075, 7.2],
			"faces": {
				"north": {"uv": [13, 0, 13.1, 0.2], "texture": "#0"},
				"east": {"uv": [13, 0, 13.1, 0.2], "texture": "#0"},
				"south": {"uv": [13, 0, 13.1, 0.2], "texture": "#0"},
				"west": {"uv": [13, 0, 13.1, 0.2], "texture": "#0"},
				"up": {"uv": [13, 0, 13.1, 0.2], "texture": "#0"},
				"down": {"uv": [13, 0, 13.1, 0.2], "texture": "#0"}
			}
		},
		{
			"from": [7.3, 10.875, 7.2],
			"to": [7.7, 11.075, 7.3],
			"faces": {
				"north": {"uv": [13, 0, 13.1, 0.2], "texture": "#0"},
				"east": {"uv": [13, 0, 13.1, 0.2], "texture": "#0"},
				"south": {"uv": [13, 0, 13.1, 0.2], "texture": "#0"},
				"west": {"uv": [13, 0, 13.1, 0.2], "texture": "#0"},
				"up": {"uv": [13, 0, 13.1, 0.2], "texture": "#0"},
				"down": {"uv": [13, 0, 13.1, 0.2], "texture": "#0"}
			}
		},
		{
			"from": [7.3, 10.575, 7.1],
			"to": [7.7, 10.675, 7.2],
			"faces": {
				"north": {"uv": [13, 0, 13.1, 0.2], "texture": "#0"},
				"east": {"uv": [13, 0, 13.1, 0.2], "texture": "#0"},
				"south": {"uv": [13, 0, 13.1, 0.2], "texture": "#0"},
				"west": {"uv": [13, 0, 13.1, 0.2], "texture": "#0"},
				"up": {"uv": [13, 0, 13.1, 0.2], "texture": "#0"},
				"down": {"uv": [13, 0, 13.1, 0.2], "texture": "#0"}
			}
		},
		{
			"from": [7.3, 10.475, 7.2],
			"to": [7.7, 10.675, 7.3],
			"faces": {
				"north": {"uv": [13, 0, 13.1, 0.2], "texture": "#0"},
				"east": {"uv": [13, 0, 13.1, 0.2], "texture": "#0"},
				"south": {"uv": [13, 0, 13.1, 0.2], "texture": "#0"},
				"west": {"uv": [13, 0, 13.1, 0.2], "texture": "#0"},
				"up": {"uv": [13, 0, 13.1, 0.2], "texture": "#0"},
				"down": {"uv": [13, 0, 13.1, 0.2], "texture": "#0"}
			}
		},
		{
			"from": [7.3, 11.775, 7.1],
			"to": [7.7, 11.875, 7.2],
			"faces": {
				"north": {"uv": [13, 0, 13.1, 0.2], "texture": "#0"},
				"east": {"uv": [13, 0, 13.1, 0.2], "texture": "#0"},
				"south": {"uv": [13, 0, 13.1, 0.2], "texture": "#0"},
				"west": {"uv": [13, 0, 13.1, 0.2], "texture": "#0"},
				"up": {"uv": [13, 0, 13.1, 0.2], "texture": "#0"},
				"down": {"uv": [13, 0, 13.1, 0.2], "texture": "#0"}
			}
		},
		{
			"from": [7.3, 11.675, 7.2],
			"to": [7.7, 11.875, 7.3],
			"faces": {
				"north": {"uv": [13, 0, 13.1, 0.2], "texture": "#0"},
				"east": {"uv": [13, 0, 13.1, 0.2], "texture": "#0"},
				"south": {"uv": [13, 0, 13.1, 0.2], "texture": "#0"},
				"west": {"uv": [13, 0, 13.1, 0.2], "texture": "#0"},
				"up": {"uv": [13, 0, 13.1, 0.2], "texture": "#0"},
				"down": {"uv": [13, 0, 13.1, 0.2], "texture": "#0"}
			}
		},
		{
			"from": [7.3, 11.375, 7.1],
			"to": [7.7, 11.475, 7.2],
			"faces": {
				"north": {"uv": [13, 0, 13.1, 0.2], "texture": "#0"},
				"east": {"uv": [13, 0, 13.1, 0.2], "texture": "#0"},
				"south": {"uv": [13, 0, 13.1, 0.2], "texture": "#0"},
				"west": {"uv": [13, 0, 13.1, 0.2], "texture": "#0"},
				"up": {"uv": [13, 0, 13.1, 0.2], "texture": "#0"},
				"down": {"uv": [13, 0, 13.1, 0.2], "texture": "#0"}
			}
		},
		{
			"from": [7.3, 11.275, 7.2],
			"to": [7.7, 11.475, 7.3],
			"faces": {
				"north": {"uv": [13, 0, 13.1, 0.2], "texture": "#0"},
				"east": {"uv": [13, 0, 13.1, 0.2], "texture": "#0"},
				"south": {"uv": [13, 0, 13.1, 0.2], "texture": "#0"},
				"west": {"uv": [13, 0, 13.1, 0.2], "texture": "#0"},
				"up": {"uv": [13, 0, 13.1, 0.2], "texture": "#0"},
				"down": {"uv": [13, 0, 13.1, 0.2], "texture": "#0"}
			}
		},
		{
			"from": [7.3, 12.575, 7.1],
			"to": [7.7, 12.675, 7.2],
			"faces": {
				"north": {"uv": [13, 0, 13.1, 0.2], "texture": "#0"},
				"east": {"uv": [13, 0, 13.1, 0.2], "texture": "#0"},
				"south": {"uv": [13, 0, 13.1, 0.2], "texture": "#0"},
				"west": {"uv": [13, 0, 13.1, 0.2], "texture": "#0"},
				"up": {"uv": [13, 0, 13.1, 0.2], "texture": "#0"},
				"down": {"uv": [13, 0, 13.1, 0.2], "texture": "#0"}
			}
		},
		{
			"from": [7.3, 12.475, 7.2],
			"to": [7.7, 12.675, 7.3],
			"faces": {
				"north": {"uv": [13, 0, 13.1, 0.2], "texture": "#0"},
				"east": {"uv": [13, 0, 13.1, 0.2], "texture": "#0"},
				"south": {"uv": [13, 0, 13.1, 0.2], "texture": "#0"},
				"west": {"uv": [13, 0, 13.1, 0.2], "texture": "#0"},
				"up": {"uv": [13, 0, 13.1, 0.2], "texture": "#0"},
				"down": {"uv": [13, 0, 13.1, 0.2], "texture": "#0"}
			}
		},
		{
			"from": [7.3, 12.175, 7.1],
			"to": [7.7, 12.275, 7.2],
			"faces": {
				"north": {"uv": [13, 0, 13.1, 0.2], "texture": "#0"},
				"east": {"uv": [13, 0, 13.1, 0.2], "texture": "#0"},
				"south": {"uv": [13, 0, 13.1, 0.2], "texture": "#0"},
				"west": {"uv": [13, 0, 13.1, 0.2], "texture": "#0"},
				"up": {"uv": [13, 0, 13.1, 0.2], "texture": "#0"},
				"down": {"uv": [13, 0, 13.1, 0.2], "texture": "#0"}
			}
		},
		{
			"from": [7.3, 12.075, 7.2],
			"to": [7.7, 12.275, 7.3],
			"faces": {
				"north": {"uv": [13, 0, 13.1, 0.2], "texture": "#0"},
				"east": {"uv": [13, 0, 13.1, 0.2], "texture": "#0"},
				"south": {"uv": [13, 0, 13.1, 0.2], "texture": "#0"},
				"west": {"uv": [13, 0, 13.1, 0.2], "texture": "#0"},
				"up": {"uv": [13, 0, 13.1, 0.2], "texture": "#0"},
				"down": {"uv": [13, 0, 13.1, 0.2], "texture": "#0"}
			}
		},
		{
			"from": [7.3, 13.375, 7.1],
			"to": [7.7, 13.475, 7.2],
			"faces": {
				"north": {"uv": [13, 0, 13.1, 0.2], "texture": "#0"},
				"east": {"uv": [13, 0, 13.1, 0.2], "texture": "#0"},
				"south": {"uv": [13, 0, 13.1, 0.2], "texture": "#0"},
				"west": {"uv": [13, 0, 13.1, 0.2], "texture": "#0"},
				"up": {"uv": [13, 0, 13.1, 0.2], "texture": "#0"},
				"down": {"uv": [13, 0, 13.1, 0.2], "texture": "#0"}
			}
		},
		{
			"from": [7.3, 13.275, 7.2],
			"to": [7.7, 13.475, 7.3],
			"faces": {
				"north": {"uv": [13, 0, 13.1, 0.2], "texture": "#0"},
				"east": {"uv": [13, 0, 13.1, 0.2], "texture": "#0"},
				"south": {"uv": [13, 0, 13.1, 0.2], "texture": "#0"},
				"west": {"uv": [13, 0, 13.1, 0.2], "texture": "#0"},
				"up": {"uv": [13, 0, 13.1, 0.2], "texture": "#0"},
				"down": {"uv": [13, 0, 13.1, 0.2], "texture": "#0"}
			}
		},
		{
			"from": [7.3, 12.975, 7.1],
			"to": [7.7, 13.075, 7.2],
			"faces": {
				"north": {"uv": [13, 0, 13.1, 0.2], "texture": "#0"},
				"east": {"uv": [13, 0, 13.1, 0.2], "texture": "#0"},
				"south": {"uv": [13, 0, 13.1, 0.2], "texture": "#0"},
				"west": {"uv": [13, 0, 13.1, 0.2], "texture": "#0"},
				"up": {"uv": [13, 0, 13.1, 0.2], "texture": "#0"},
				"down": {"uv": [13, 0, 13.1, 0.2], "texture": "#0"}
			}
		},
		{
			"from": [7.3, 12.875, 7.2],
			"to": [7.7, 13.075, 7.3],
			"faces": {
				"north": {"uv": [13, 0, 13.1, 0.2], "texture": "#0"},
				"east": {"uv": [13, 0, 13.1, 0.2], "texture": "#0"},
				"south": {"uv": [13, 0, 13.1, 0.2], "texture": "#0"},
				"west": {"uv": [13, 0, 13.1, 0.2], "texture": "#0"},
				"up": {"uv": [13, 0, 13.1, 0.2], "texture": "#0"},
				"down": {"uv": [13, 0, 13.1, 0.2], "texture": "#0"}
			}
		},
		{
			"from": [7.35, 7.375, 8.4],
			"to": [7.65, 7.85, 8.6],
			"faces": {
				"north": {"uv": [0, 0, 1, 5.2], "texture": "#missing"},
				"east": {"uv": [12.75, 0, 12.95, 0.475], "texture": "#0"},
				"south": {"uv": [9.75, 2.25, 10.05, 2.725], "texture": "#0"},
				"west": {"uv": [13.5, 3.5, 13.7, 3.975], "texture": "#0"},
				"up": {"uv": [10.25, 2, 10.55, 2.2], "texture": "#0"},
				"down": {"uv": [9, 0.75, 9.4, 1], "texture": "#0"}
			}
		},
		{
			"from": [7.35, 7.85, 8.4],
			"to": [7.65, 9.8, 8.5],
			"faces": {
				"north": {"uv": [0, 0, 1, 5.2], "texture": "#missing"},
				"east": {"uv": [10, 0.75, 10.1, 2.7], "texture": "#0"},
				"south": {"uv": [10.25, 1.75, 10.45, 2.725], "texture": "#0"},
				"west": {"uv": [9.5, 0.75, 9.6, 2.7], "texture": "#0"},
				"up": {"uv": [0, 0, 1, 1.4], "texture": "#missing"},
				"down": {"uv": [0, 0, 1, 1.4], "texture": "#missing"}
			}
		},
		{
			"from": [7.4, 7.85, 8.5],
			"to": [7.6, 9.8, 8.55],
			"faces": {
				"north": {"uv": [0, 0, 1, 5.2], "texture": "#missing"},
				"east": {"uv": [8.75, 1, 8.8, 2.95], "texture": "#0"},
				"south": {"uv": [10.25, 1.75, 10.45, 2.725], "texture": "#0"},
				"west": {"uv": [10, 1.25, 10.05, 3.2], "texture": "#0"},
				"up": {"uv": [0, 0, 1, 1.4], "texture": "#missing"},
				"down": {"uv": [0, 0, 1, 1.4], "texture": "#missing"}
			}
		},
		{
			"from": [7.45, 7.85, 8.55],
			"to": [7.55, 9.8, 8.6],
			"faces": {
				"north": {"uv": [0, 0, 1, 5.2], "texture": "#missing"},
				"east": {"uv": [10.5, 1.25, 10.55, 3.2], "texture": "#0"},
				"south": {"uv": [11.25, 1, 11.35, 2.95], "texture": "#0"},
				"west": {"uv": [11.25, 1.25, 11.3, 3.2], "texture": "#0"},
				"up": {"uv": [0, 0, 1, 1.4], "texture": "#missing"},
				"down": {"uv": [0, 0, 1, 1.4], "texture": "#missing"}
			}
		},
		{
			"from": [7.3, 7.875, 7.3],
			"to": [7.7, 9.8, 8.4],
			"faces": {
				"north": {"uv": [13.5, 1.25, 13.9, 3.175], "texture": "#0"},
				"east": {"uv": [13.5, 1, 14.6, 2.925], "texture": "#0"},
				"south": {"uv": [10.25, 1.75, 10.45, 2.725], "texture": "#0"},
				"west": {"uv": [13.5, 1, 14.6, 2.925], "texture": "#0"},
				"up": {"uv": [0, 0, 1, 1.4], "texture": "#missing"},
				"down": {"uv": [0, 0, 1, 1.4], "texture": "#missing"}
			}
		},
		{
			"from": [7.35, 9.8, 8.475],
			"to": [7.65, 11.275, 8.575],
			"faces": {
				"north": {"uv": [0, 0, 1, 5.2], "texture": "#missing"},
				"east": {"uv": [9.5, 0.75, 9.6, 2.225], "texture": "#0"},
				"south": {"uv": [10.25, 1.75, 10.45, 2.725], "texture": "#0"},
				"west": {"uv": [9.75, 0.5, 9.85, 1.975], "texture": "#0"},
				"up": {"uv": [0, 0, 1, 1.4], "texture": "#missing"},
				"down": {"uv": [9, 0.75, 9.4, 1], "texture": "#0"}
			}
		},
		{
			"from": [7.4, 9.8, 8.575],
			"to": [7.6, 11.275, 8.625],
			"faces": {
				"north": {"uv": [0, 0, 1, 5.2], "texture": "#missing"},
				"east": {"uv": [10, 1.25, 10.05, 2.725], "texture": "#0"},
				"south": {"uv": [10.25, 1.75, 10.45, 2.725], "texture": "#0"},
				"west": {"uv": [10.5, 1.5, 10.55, 2.975], "texture": "#0"},
				"up": {"uv": [0, 0, 1, 1.4], "texture": "#missing"},
				"down": {"uv": [9, 0.75, 9.4, 1], "texture": "#0"}
			}
		},
		{
			"from": [7.45, 9.8, 8.625],
			"to": [7.55, 11.275, 8.675],
			"faces": {
				"north": {"uv": [0, 0, 1, 5.2], "texture": "#missing"},
				"east": {"uv": [9, 1.25, 9.05, 2.725], "texture": "#0"},
				"south": {"uv": [9.75, 1.25, 9.85, 2.725], "texture": "#0"},
				"west": {"uv": [10.5, 1.5, 10.55, 2.975], "texture": "#0"},
				"up": {"uv": [0, 0, 1, 1.4], "texture": "#missing"},
				"down": {"uv": [9, 0.75, 9.4, 1], "texture": "#0"}
			}
		},
		{
			"from": [7.35, 11.275, 8.55],
			"to": [7.65, 12.275, 8.65],
			"faces": {
				"north": {"uv": [0, 0, 1, 5.2], "texture": "#missing"},
				"east": {"uv": [9.25, 1.5, 9.35, 2.5], "texture": "#0"},
				"south": {"uv": [10.25, 1.75, 10.45, 2.725], "texture": "#0"},
				"west": {"uv": [9.25, 1.75, 9.35, 2.75], "texture": "#0"},
				"up": {"uv": [0, 0, 1, 1.4], "texture": "#missing"},
				"down": {"uv": [9, 0.75, 9.4, 1], "texture": "#0"}
			}
		},
		{
			"from": [7.4, 11.275, 8.65],
			"to": [7.6, 12.275, 8.7],
			"faces": {
				"north": {"uv": [0, 0, 1, 5.2], "texture": "#missing"},
				"east": {"uv": [8.75, 1.75, 8.8, 2.75], "texture": "#0"},
				"south": {"uv": [10.25, 1.75, 10.45, 2.725], "texture": "#0"},
				"west": {"uv": [9.75, 1.5, 9.8, 2.5], "texture": "#0"},
				"up": {"uv": [0, 0, 1, 1.4], "texture": "#missing"},
				"down": {"uv": [9, 0.75, 9.4, 1], "texture": "#0"}
			}
		},
		{
			"from": [7.45, 11.275, 8.7],
			"to": [7.55, 12.275, 8.75],
			"faces": {
				"north": {"uv": [0, 0, 1, 5.2], "texture": "#missing"},
				"east": {"uv": [10, 0.25, 10.05, 1.25], "texture": "#0"},
				"south": {"uv": [9, 1.5, 9.1, 2.5], "texture": "#0"},
				"west": {"uv": [9.75, 1.5, 9.8, 2.5], "texture": "#0"},
				"up": {"uv": [0, 0, 1, 1.4], "texture": "#missing"},
				"down": {"uv": [9, 0.75, 9.4, 1], "texture": "#0"}
			}
		},
		{
			"from": [7.3, 9.8, 7.3],
			"to": [7.7, 11.275, 8.475],
			"faces": {
				"north": {"uv": [13.5, 1.25, 13.9, 2.725], "texture": "#0"},
				"east": {"uv": [13.25, 1, 14.425, 2.475], "texture": "#0"},
				"south": {"uv": [10.25, 1.75, 10.45, 2.725], "texture": "#0"},
				"west": {"uv": [13.25, 1, 14.425, 2.475], "texture": "#0"},
				"up": {"uv": [0, 0, 1, 1.4], "texture": "#missing"},
				"down": {"uv": [9, 0.75, 9.4, 1], "texture": "#0"}
			}
		},
		{
			"from": [7.3, 11.275, 7.3],
			"to": [7.7, 12.275, 8.55],
			"faces": {
				"north": {"uv": [13.5, 1.25, 13.9, 2.725], "texture": "#0"},
				"east": {"uv": [13.25, 1.5, 14.5, 2.5], "texture": "#0"},
				"south": {"uv": [10.25, 1.75, 10.45, 2.725], "texture": "#0"},
				"west": {"uv": [13.25, 1.5, 14.5, 2.5], "texture": "#0"},
				"up": {"uv": [0, 0, 1, 1.4], "texture": "#missing"},
				"down": {"uv": [9, 0.75, 9.4, 1], "texture": "#0"}
			}
		},
		{
			"from": [7.3, 13.675, 7.2],
			"to": [7.7, 13.875, 7.3],
			"faces": {
				"north": {"uv": [13, 0, 13.1, 0.2], "texture": "#0"},
				"east": {"uv": [13, 0, 13.1, 0.2], "texture": "#0"},
				"south": {"uv": [13, 0, 13.1, 0.2], "texture": "#0"},
				"west": {"uv": [13, 0, 13.1, 0.2], "texture": "#0"},
				"up": {"uv": [13, 0, 13.1, 0.2], "texture": "#0"},
				"down": {"uv": [13, 0, 13.1, 0.2], "texture": "#0"}
			}
		},
		{
			"from": [7.3, 13.775, 7.1],
			"to": [7.7, 13.875, 7.2],
			"faces": {
				"north": {"uv": [13, 0, 13.1, 0.2], "texture": "#0"},
				"east": {"uv": [13, 0, 13.1, 0.2], "texture": "#0"},
				"south": {"uv": [13, 0, 13.1, 0.2], "texture": "#0"},
				"west": {"uv": [13, 0, 13.1, 0.2], "texture": "#0"},
				"up": {"uv": [13, 0, 13.1, 0.2], "texture": "#0"},
				"down": {"uv": [13, 0, 13.1, 0.2], "texture": "#0"}
			}
		},
		{
			"from": [7.3, 14.275, 7.1],
			"to": [7.7, 16.525, 7.3],
			"faces": {
				"north": {"uv": [12.25, 1.25, 12.65, 3.5], "texture": "#0"},
				"east": {"uv": [13.75, 0.75, 13.95, 3], "texture": "#0"},
				"south": {"uv": [9.5, 1, 9.9, 3.25], "texture": "#0"},
				"west": {"uv": [14.25, 0.75, 14.45, 3], "texture": "#0"},
				"up": {"uv": [15.5, 2.5, 15.9, 2.7], "texture": "#0"},
				"down": {"uv": [13.25, 0.75, 13.65, 0.95], "texture": "#0"}
			}
		},
		{
			"from": [7.3, 14.15, 7.175],
			"to": [7.7, 14.275, 7.3],
			"faces": {
				"north": {"uv": [13, 0, 13.1, 0.2], "texture": "#0"},
				"east": {"uv": [13, 0, 13.1, 0.2], "texture": "#0"},
				"south": {"uv": [13, 0, 13.1, 0.2], "texture": "#0"},
				"west": {"uv": [13, 0, 13.1, 0.2], "texture": "#0"},
				"up": {"uv": [13, 0, 13.1, 0.2], "texture": "#0"},
				"down": {"uv": [13, 0, 13.1, 0.2], "texture": "#0"}
			}
		},
		{
			"from": [7.3, 14.025, 7.25],
			"to": [7.7, 14.15, 7.3],
			"faces": {
				"north": {"uv": [13, 0, 13.1, 0.2], "texture": "#0"},
				"east": {"uv": [13, 0, 13.1, 0.2], "texture": "#0"},
				"south": {"uv": [13, 0, 13.1, 0.2], "texture": "#0"},
				"west": {"uv": [13, 0, 13.1, 0.2], "texture": "#0"},
				"up": {"uv": [13, 0, 13.1, 0.2], "texture": "#0"},
				"down": {"uv": [13, 0, 13.1, 0.2], "texture": "#0"}
			}
		},
		{
			"from": [7.3, 12.275, 7.3],
			"to": [7.7, 13.375, 8.675],
			"faces": {
				"north": {"uv": [13.5, 1.25, 13.9, 2.725], "texture": "#0"},
				"east": {"uv": [12.75, 2, 14.125, 3.1], "texture": "#0"},
				"south": {"uv": [10.25, 1.75, 10.45, 2.725], "texture": "#0"},
				"west": {"uv": [12.75, 2, 14.125, 3.1], "texture": "#0"},
				"up": {"uv": [0, 0, 1, 1.4], "texture": "#missing"},
				"down": {"uv": [9, 0.75, 9.4, 1], "texture": "#0"}
			}
		},
		{
			"from": [7.35, 12.275, 8.675],
			"to": [7.65, 13.375, 8.775],
			"faces": {
				"north": {"uv": [0, 0, 1, 5.2], "texture": "#missing"},
				"east": {"uv": [9.75, 1, 9.85, 2.1], "texture": "#0"},
				"south": {"uv": [10.25, 1.75, 10.45, 2.725], "texture": "#0"},
				"west": {"uv": [9, 1.5, 9.1, 2.5], "texture": "#0"},
				"up": {"uv": [0, 0, 1, 1.4], "texture": "#missing"},
				"down": {"uv": [9, 0.75, 9.4, 1], "texture": "#0"}
			}
		},
		{
			"from": [7.4, 12.275, 8.775],
			"to": [7.6, 13.375, 8.825],
			"faces": {
				"north": {"uv": [0, 0, 1, 5.2], "texture": "#missing"},
				"east": {"uv": [10, 1.5, 10.05, 2.6], "texture": "#0"},
				"south": {"uv": [9, 1.5, 9.1, 2.5], "texture": "#0"},
				"west": {"uv": [9, 1.25, 9.05, 2.35], "texture": "#0"},
				"up": {"uv": [0, 0, 1, 1.4], "texture": "#missing"},
				"down": {"uv": [9, 0.75, 9.4, 1], "texture": "#0"}
			}
		},
		{
			"from": [7.45, 12.275, 8.825],
			"to": [7.55, 13.375, 8.875],
			"faces": {
				"north": {"uv": [0, 0, 1, 5.2], "texture": "#missing"},
				"east": {"uv": [9.25, 1.25, 9.3, 2.35], "texture": "#0"},
				"south": {"uv": [9, 1.5, 9.1, 2.5], "texture": "#0"},
				"west": {"uv": [9.25, 1.75, 9.3, 2.85], "texture": "#0"},
				"up": {"uv": [0, 0, 1, 1.4], "texture": "#missing"},
				"down": {"uv": [9, 0.75, 9.4, 1], "texture": "#0"}
			}
		},
		{
			"from": [7.35, 7.3, 8.4],
			"to": [7.65, 7.375, 8.55],
			"faces": {
				"north": {"uv": [0, 0, 1, 5.2], "texture": "#missing"},
				"east": {"uv": [14.25, 2.25, 14.4, 2.325], "texture": "#0"},
				"south": {"uv": [9.25, 1, 9.55, 1.075], "texture": "#0"},
				"west": {"uv": [9.25, 1.5, 9.4, 1.575], "texture": "#0"},
				"up": {"uv": [0, 0, 1, 1.4], "texture": "#missing"},
				"down": {"uv": [9, 0.75, 9.4, 1], "texture": "#0"}
			}
		},
		{
			"from": [7.35, 7.1, 8.325],
			"to": [7.65, 7.3, 8.475],
			"faces": {
				"north": {"uv": [0, 0, 1, 5.2], "texture": "#missing"},
				"east": {"uv": [12.75, 0, 12.95, 0.475], "texture": "#0"},
				"south": {"uv": [9.5, 2.25, 9.8, 2.45], "texture": "#0"},
				"west": {"uv": [14.25, 0, 14.4, 0.2], "texture": "#0"},
				"up": {"uv": [0, 0, 1, 1.4], "texture": "#missing"},
				"down": {"uv": [15.75, 2.25, 16, 2.4], "texture": "#0"}
			}
		},
		{
			"from": [7.3, 13.375, 7.3],
			"to": [7.7, 15.55, 8.8],
			"faces": {
				"north": {"uv": [13.5, 1.25, 13.9, 2.725], "texture": "#0"},
				"east": {"uv": [13, 1, 14.5, 3.175], "texture": "#0"},
				"south": {"uv": [10.25, 1.75, 10.45, 2.725], "texture": "#0"},
				"west": {"uv": [13, 1, 14.5, 3.175], "texture": "#0"},
				"up": {"uv": [9, 0.75, 9.4, 1], "texture": "#0"},
				"down": {"uv": [9, 0.75, 9.4, 1], "texture": "#0"}
			}
		},
		{
			"from": [7.35, 13.375, 8.8],
			"to": [7.65, 15.55, 8.9],
			"faces": {
				"north": {"uv": [0, 0, 1, 5.2], "texture": "#missing"},
				"east": {"uv": [9.5, 0.75, 9.6, 2.925], "texture": "#0"},
				"south": {"uv": [10.25, 1.75, 10.45, 2.725], "texture": "#0"},
				"west": {"uv": [8.5, 1.5, 8.6, 3.675], "texture": "#0"},
				"up": {"uv": [9, 0.75, 9.4, 1], "texture": "#0"},
				"down": {"uv": [9, 0.75, 9.4, 1], "texture": "#0"}
			}
		},
		{
			"from": [7.4, 13.375, 8.9],
			"to": [7.6, 15.55, 8.95],
			"faces": {
				"north": {"uv": [0, 0, 1, 5.2], "texture": "#missing"},
				"east": {"uv": [9.25, 0.5, 9.3, 2.675], "texture": "#0"},
				"south": {"uv": [9, 1.5, 9.1, 2.5], "texture": "#0"},
				"west": {"uv": [9.5, 1, 9.55, 3.175], "texture": "#0"},
				"up": {"uv": [9, 0.75, 9.4, 1], "texture": "#0"},
				"down": {"uv": [9, 0.75, 9.4, 1], "texture": "#0"}
			}
		},
		{
			"from": [7.45, 13.375, 8.95],
			"to": [7.55, 15.55, 9],
			"faces": {
				"north": {"uv": [0, 0, 1, 5.2], "texture": "#missing"},
				"east": {"uv": [9, 0.75, 9.05, 2.925], "texture": "#0"},
				"south": {"uv": [9, 1.5, 9.1, 2.5], "texture": "#0"},
				"west": {"uv": [10.5, 1, 10.55, 3.175], "texture": "#0"},
				"up": {"uv": [9, 0.75, 9.4, 1], "texture": "#0"},
				"down": {"uv": [9, 0.75, 9.4, 1], "texture": "#0"}
			}
		},
		{
			"from": [7.3, 15.55, 7.55],
			"to": [7.7, 16.525, 8.675],
			"faces": {
				"north": {"uv": [10.5, 2, 10.9, 2.975], "texture": "#0"},
				"east": {"uv": [13.5, 1.75, 14.625, 2.725], "texture": "#0"},
				"south": {"uv": [10.25, 1.75, 10.45, 2.725], "texture": "#0"},
				"west": {"uv": [13.5, 1.75, 14.625, 2.725], "texture": "#0"},
				"up": {"uv": [9, 0.75, 9.4, 1], "texture": "#0"},
				"down": {"uv": [0, 0, 1, 1.4], "texture": "#missing"}
			}
		},
		{
			"from": [7.35, 15.55, 8.675],
			"to": [7.65, 16.525, 8.775],
			"faces": {
				"north": {"uv": [0, 0, 1, 5.2], "texture": "#missing"},
				"east": {"uv": [9.25, 1.5, 9.3, 2.475], "texture": "#0"},
				"south": {"uv": [10.25, 1.75, 10.45, 2.725], "texture": "#0"},
				"west": {"uv": [8.5, 1, 8.6, 1.975], "texture": "#0"},
				"up": {"uv": [9, 0.75, 9.4, 1], "texture": "#0"},
				"down": {"uv": [0, 0, 1, 1.4], "texture": "#missing"}
			}
		},
		{
			"from": [7.4, 15.55, 8.775],
			"to": [7.6, 16.525, 8.825],
			"faces": {
				"north": {"uv": [0, 0, 1, 5.2], "texture": "#missing"},
				"east": {"uv": [9.25, 1.5, 9.3, 2.475], "texture": "#0"},
				"south": {"uv": [10.25, 1.75, 10.45, 2.725], "texture": "#0"},
				"west": {"uv": [10, 2, 10.05, 2.975], "texture": "#0"},
				"up": {"uv": [9, 0.75, 9.4, 1], "texture": "#0"},
				"down": {"uv": [0, 0, 1, 1.4], "texture": "#missing"}
			}
		},
		{
			"from": [7.45, 15.55, 8.825],
			"to": [7.55, 16.525, 8.875],
			"faces": {
				"north": {"uv": [0, 0, 1, 5.2], "texture": "#missing"},
				"east": {"uv": [9.25, 1.5, 9.3, 2.475], "texture": "#0"},
				"south": {"uv": [9, 1.5, 9.1, 2.5], "texture": "#0"},
				"west": {"uv": [10, 1.5, 10.05, 2.475], "texture": "#0"},
				"up": {"uv": [9, 0.75, 9.4, 1], "texture": "#0"},
				"down": {"uv": [0, 0, 1, 1.4], "texture": "#missing"}
			}
		},
		{
			"from": [7.3, 16.525, 7.15],
			"to": [7.7, 17.225, 8.525],
			"faces": {
				"north": {"uv": [14, 2.25, 14.4, 2.95], "texture": "#0"},
				"east": {"uv": [13.5, 2, 14.875, 2.7], "texture": "#0"},
				"south": {"uv": [10.25, 2.25, 10.45, 2.95], "texture": "#0"},
				"west": {"uv": [13.5, 2.25, 14.875, 2.95], "texture": "#0"},
				"up": {"uv": [13.25, 1.5, 13.65, 2.875], "texture": "#0"},
				"down": {"uv": [0, 0, 1, 1.4], "texture": "#missing"}
			}
		},
		{
			"from": [7.35, 16.525, 8.525],
			"to": [7.65, 17.225, 8.625],
			"faces": {
				"north": {"uv": [0, 0, 1, 5.2], "texture": "#missing"},
				"east": {"uv": [9, 1.5, 9.1, 2.2], "texture": "#0"},
				"south": {"uv": [10.25, 2.25, 10.45, 2.95], "texture": "#0"},
				"west": {"uv": [9.75, 1, 9.85, 1.7], "texture": "#0"},
				"up": {"uv": [9, 0.75, 9.4, 1], "texture": "#0"},
				"down": {"uv": [0, 0, 1, 1.4], "texture": "#missing"}
			}
		},
		{
			"from": [7.4, 16.525, 8.625],
			"to": [7.6, 17.225, 8.675],
			"faces": {
				"north": {"uv": [0, 0, 1, 5.2], "texture": "#missing"},
				"east": {"uv": [10.25, 1.5, 10.3, 2.2], "texture": "#0"},
				"south": {"uv": [10.25, 2.25, 10.45, 2.95], "texture": "#0"},
				"west": {"uv": [9.5, 1, 9.55, 1.7], "texture": "#0"},
				"up": {"uv": [9, 0.75, 9.4, 1], "texture": "#0"},
				"down": {"uv": [0, 0, 1, 1.4], "texture": "#missing"}
			}
		},
		{
			"from": [7.45, 16.525, 8.675],
			"to": [7.55, 17.225, 8.725],
			"faces": {
				"north": {"uv": [0, 0, 1, 5.2], "texture": "#missing"},
				"east": {"uv": [10.25, 1.5, 10.3, 2.2], "texture": "#0"},
				"south": {"uv": [9, 1.5, 9.1, 2.5], "texture": "#0"},
				"west": {"uv": [10, 2, 10.05, 2.7], "texture": "#0"},
				"up": {"uv": [9, 0.75, 9.4, 1], "texture": "#0"},
				"down": {"uv": [0, 0, 1, 1.4], "texture": "#missing"}
			}
		},
		{
			"from": [7.3, 17.225, 7.35],
			"to": [7.7, 17.375, 8.475],
			"faces": {
				"north": {"uv": [13, 1.5, 13.4, 1.65], "texture": "#0"},
				"east": {"uv": [12.75, 2, 13.875, 2.15], "texture": "#0"},
				"south": {"uv": [10.5, 2, 10.9, 2.15], "texture": "#0"},
				"west": {"uv": [13.75, 1, 14.875, 1.15], "texture": "#0"},
				"up": {"uv": [13, 0.75, 13.4, 1.875], "texture": "#0"},
				"down": {"uv": [0, 0, 1, 1.4], "texture": "#missing"}
			}
		},
		{
			"from": [7.3, 17.375, 7.55],
			"to": [7.7, 17.525, 8.425],
			"faces": {
				"north": {"uv": [13, 1.5, 13.4, 1.65], "texture": "#0"},
				"east": {"uv": [12.5, 1.75, 13.375, 1.9], "texture": "#0"},
				"south": {"uv": [10.5, 2, 10.9, 2.15], "texture": "#0"},
				"west": {"uv": [15, 1.5, 15.875, 1.65], "texture": "#0"},
				"up": {"uv": [14.25, 0, 14.65, 0.875], "texture": "#0"},
				"down": {"uv": [0, 0, 1, 1.4], "texture": "#missing"}
			}
		},
		{
			"from": [7.3, 17.525, 7.75],
			"to": [7.7, 17.675, 8.375],
			"faces": {
				"north": {"uv": [13, 1.5, 13.4, 1.65], "texture": "#0"},
				"east": {"uv": [13.5, 1.25, 14.125, 1.4], "texture": "#0"},
				"south": {"uv": [13.5, 1.25, 13.9, 1.4], "texture": "#0"},
				"west": {"uv": [15.25, 3, 15.875, 3.15], "texture": "#0"},
				"up": {"uv": [12.75, 3, 13.15, 3.625], "texture": "#0"},
				"down": {"uv": [0, 0, 1, 1.4], "texture": "#missing"}
			}
		},
		{
			"from": [7.35, 17.225, 8.475],
			"to": [7.65, 17.375, 8.575],
			"faces": {
				"north": {"uv": [0, 0, 1, 5.2], "texture": "#missing"},
				"east": {"uv": [10.25, 1.5, 10.3, 1.65], "texture": "#0"},
				"south": {"uv": [10.5, 2, 10.9, 2.15], "texture": "#0"},
				"west": {"uv": [13.25, 2, 13.35, 2.15], "texture": "#0"},
				"up": {"uv": [9, 0.75, 9.4, 1], "texture": "#0"},
				"down": {"uv": [0, 0, 1, 1.4], "texture": "#missing"}
			}
		},
		{
			"from": [7.4, 17.225, 8.575],
			"to": [7.6, 17.375, 8.625],
			"faces": {
				"north": {"uv": [0, 0, 1, 5.2], "texture": "#missing"},
				"east": {"uv": [10.25, 1.5, 10.3, 1.65], "texture": "#0"},
				"south": {"uv": [10.5, 2, 10.9, 2.15], "texture": "#0"},
				"west": {"uv": [10, 2.5, 10.05, 2.65], "texture": "#0"},
				"up": {"uv": [9, 0.75, 9.4, 1], "texture": "#0"},
				"down": {"uv": [0, 0, 1, 1.4], "texture": "#missing"}
			}
		},
		{
			"from": [7.45, 17.225, 8.625],
			"to": [7.55, 17.375, 8.675],
			"faces": {
				"north": {"uv": [0, 0, 1, 5.2], "texture": "#missing"},
				"east": {"uv": [10.25, 1.5, 10.3, 1.65], "texture": "#0"},
				"south": {"uv": [10.5, 2.75, 10.6, 2.9], "texture": "#0"},
				"west": {"uv": [10, 2.5, 10.05, 2.65], "texture": "#0"},
				"up": {"uv": [9, 0.75, 9.4, 1], "texture": "#0"},
				"down": {"uv": [0, 0, 1, 1.4], "texture": "#missing"}
			}
		},
		{
			"from": [7.35, 17.375, 8.425],
			"to": [7.65, 17.525, 8.525],
			"faces": {
				"north": {"uv": [0, 0, 1, 5.2], "texture": "#missing"},
				"east": {"uv": [10.25, 1.5, 10.3, 1.65], "texture": "#0"},
				"south": {"uv": [10.5, 2, 10.9, 2.15], "texture": "#0"},
				"west": {"uv": [13.25, 2, 13.35, 2.15], "texture": "#0"},
				"up": {"uv": [9, 0.75, 9.4, 1], "texture": "#0"},
				"down": {"uv": [0, 0, 1, 1.4], "texture": "#missing"}
			}
		},
		{
			"from": [7.4, 17.375, 8.525],
			"to": [7.6, 17.525, 8.575],
			"faces": {
				"north": {"uv": [0, 0, 1, 5.2], "texture": "#missing"},
				"east": {"uv": [10.25, 1.5, 10.3, 1.65], "texture": "#0"},
				"south": {"uv": [10.5, 2, 10.9, 2.15], "texture": "#0"},
				"west": {"uv": [10, 2.5, 10.05, 2.65], "texture": "#0"},
				"up": {"uv": [9, 0.75, 9.4, 1], "texture": "#0"},
				"down": {"uv": [0, 0, 1, 1.4], "texture": "#missing"}
			}
		},
		{
			"from": [7.45, 17.375, 8.575],
			"to": [7.55, 17.525, 8.625],
			"faces": {
				"north": {"uv": [0, 0, 1, 5.2], "texture": "#missing"},
				"east": {"uv": [10.25, 1.5, 10.3, 1.65], "texture": "#0"},
				"south": {"uv": [10.5, 2.75, 10.6, 2.9], "texture": "#0"},
				"west": {"uv": [10, 2.5, 10.05, 2.65], "texture": "#0"},
				"up": {"uv": [9, 0.75, 9.4, 1], "texture": "#0"},
				"down": {"uv": [0, 0, 1, 1.4], "texture": "#missing"}
			}
		},
		{
			"from": [7.35, 17.525, 8.375],
			"to": [7.65, 17.675, 8.475],
			"faces": {
				"north": {"uv": [0, 0, 1, 5.2], "texture": "#missing"},
				"east": {"uv": [14, 2.25, 14.1, 2.4], "texture": "#0"},
				"south": {"uv": [10.5, 2, 10.9, 2.15], "texture": "#0"},
				"west": {"uv": [13.25, 2, 13.35, 2.15], "texture": "#0"},
				"up": {"uv": [0, 0, 1, 1.4], "texture": "#missing"},
				"down": {"uv": [0, 0, 1, 1.4], "texture": "#missing"}
			}
		},
		{
			"from": [7.4, 17.525, 8.475],
			"to": [7.6, 17.675, 8.525],
			"faces": {
				"north": {"uv": [0, 0, 1, 5.2], "texture": "#missing"},
				"east": {"uv": [10.25, 1.5, 10.3, 1.65], "texture": "#0"},
				"south": {"uv": [10.5, 2, 10.9, 2.15], "texture": "#0"},
				"west": {"uv": [10, 2.5, 10.05, 2.65], "texture": "#0"},
				"up": {"uv": [9, 0.75, 9.4, 1], "texture": "#0"},
				"down": {"uv": [0, 0, 1, 1.4], "texture": "#missing"}
			}
		},
		{
			"from": [7.45, 17.525, 8.525],
			"to": [7.55, 17.675, 8.575],
			"faces": {
				"north": {"uv": [0, 0, 1, 5.2], "texture": "#missing"},
				"east": {"uv": [10.25, 1.5, 10.3, 1.65], "texture": "#0"},
				"south": {"uv": [10.5, 2.75, 10.6, 2.9], "texture": "#0"},
				"west": {"uv": [10, 2.5, 10.05, 2.65], "texture": "#0"},
				"up": {"uv": [9, 0.75, 9.4, 1], "texture": "#0"},
				"down": {"uv": [0, 0, 1, 1.4], "texture": "#missing"}
			}
		},
		{
			"from": [7.35, 17.675, 7.875],
			"to": [7.65, 17.75, 8.475],
			"faces": {
				"north": {"uv": [13, 1.5, 13.4, 1.65], "texture": "#0"},
				"east": {"uv": [13.25, 1.25, 13.85, 1.325], "texture": "#0"},
				"south": {"uv": [10.5, 2, 10.9, 2.15], "texture": "#0"},
				"west": {"uv": [14, 0.5, 14.6, 0.575], "texture": "#0"},
				"up": {"uv": [12.25, 0, 12.55, 0.6], "texture": "#0"},
				"down": {"uv": [0, 0, 1, 1.4], "texture": "#missing"}
			}
		},
		{
			"from": [7.475, 17.75, 7.95],
			"to": [7.525, 17.8, 8.475],
			"faces": {
				"north": {"uv": [13, 1.5, 13.4, 1.65], "texture": "#0"},
				"east": {"uv": [13.75, 2, 14.275, 2.05], "texture": "#0"},
				"south": {"uv": [10.5, 2.75, 10.6, 2.9], "texture": "#0"},
				"west": {"uv": [14, 1.5, 14.525, 1.55], "texture": "#0"},
				"up": {"uv": [13.75, 1.25, 13.8, 1.775], "texture": "#0"},
				"down": {"uv": [0, 0, 1, 1.4], "texture": "#missing"}
			}
		},
		{
			"from": [7.3, 15.55, 7.3],
			"to": [7.7, 15.65, 7.55],
			"faces": {
				"north": {"uv": [0, 0, 1, 5.2], "texture": "#missing"},
				"east": {"uv": [12.75, 2.25, 13, 2.35], "texture": "#0"},
				"south": {"uv": [0, 0, 1, 5.2], "texture": "#missing"},
				"west": {"uv": [15.75, 2.75, 16, 2.85], "texture": "#0"},
				"up": {"uv": [9, 0.75, 9.4, 1], "texture": "#0"},
				"down": {"uv": [0, 0, 1, 1.4], "texture": "#missing"}
			}
		},
		{
			"from": [7.3, 16.25, 7.3],
			"to": [7.7, 16.525, 7.55],
			"faces": {
				"north": {"uv": [0, 0, 1, 5.2], "texture": "#missing"},
				"east": {"uv": [14.5, 1.25, 14.75, 1.525], "texture": "#0"},
				"south": {"uv": [0, 0, 1, 5.2], "texture": "#missing"},
				"west": {"uv": [15.75, 2.75, 16, 2.85], "texture": "#0"},
				"up": {"uv": [0, 0, 1, 1.4], "texture": "#missing"},
				"down": {"uv": [9, 0.75, 9.4, 1], "texture": "#0"}
			}
		},
		{
			"from": [7.3, 15.65, 7.475],
			"to": [7.7, 15.725, 7.55],
			"faces": {
				"north": {"uv": [9, 0.75, 9.4, 1], "texture": "#0"},
				"east": {"uv": [14.75, 1.5, 14.825, 1.575], "texture": "#0"},
				"south": {"uv": [0, 0, 1, 5.2], "texture": "#missing"},
				"west": {"uv": [15.75, 2.75, 16, 2.85], "texture": "#0"},
				"up": {"uv": [9, 0.75, 9.4, 1], "texture": "#0"},
				"down": {"uv": [0, 0, 1, 1.4], "texture": "#missing"}
			}
		},
		{
			"from": [7.3, 15.65, 7.3],
			"to": [7.7, 15.725, 7.375],
			"faces": {
				"north": {"uv": [0, 0, 1, 5.2], "texture": "#missing"},
				"east": {"uv": [14.75, 1.5, 14.825, 1.575], "texture": "#0"},
				"south": {"uv": [9, 0.75, 9.4, 1], "texture": "#0"},
				"west": {"uv": [15.75, 2.75, 16, 2.85], "texture": "#0"},
				"up": {"uv": [9, 0.75, 9.4, 1], "texture": "#0"},
				"down": {"uv": [0, 0, 1, 1.4], "texture": "#missing"}
			}
		},
		{
			"from": [7.3, 16.175, 7.3],
			"to": [7.7, 16.25, 7.375],
			"faces": {
				"north": {"uv": [0, 0, 1, 5.2], "texture": "#missing"},
				"east": {"uv": [14.75, 1.5, 14.825, 1.575], "texture": "#0"},
				"south": {"uv": [9, 0.75, 9.4, 1], "texture": "#0"},
				"west": {"uv": [15.75, 2.75, 16, 2.85], "texture": "#0"},
				"up": {"uv": [0, 0, 1, 1.4], "texture": "#missing"},
				"down": {"uv": [9, 0.75, 9.4, 1], "texture": "#0"}
			}
		},
		{
			"from": [7.3, 16.175, 7.475],
			"to": [7.7, 16.25, 7.55],
			"faces": {
				"north": {"uv": [9, 0.75, 9.4, 1], "texture": "#0"},
				"east": {"uv": [14.75, 1.5, 14.825, 1.575], "texture": "#0"},
				"south": {"uv": [0, 0, 1, 5.2], "texture": "#missing"},
				"west": {"uv": [15.75, 2.75, 16, 2.85], "texture": "#0"},
				"up": {"uv": [0, 0, 1, 1.4], "texture": "#missing"},
				"down": {"uv": [9, 0.75, 9.4, 1], "texture": "#0"}
			}
		}
	],
	"display": {
		"thirdperson_righthand": {
			"rotation": [0, 180, 0],
			"translation": [-0.75, 1.75, 1]
		},
		"thirdperson_lefthand": {
			"rotation": [0, 180, 0],
			"translation": [-0.5, 1.75, 0.75]
		},
		"firstperson_righthand": {
			"rotation": [-8, 180, -3],
			"translation": [0.75, 3.75, 1.5],
			"scale": [1.2, 1.2, 1.2]
		},
		"firstperson_lefthand": {
			"rotation": [-6, 180, -1],
			"translation": [1, 4, 2.5],
			"scale": [1.2, 1.2, 1.2]
		},
		"ground": {
			"rotation": [0, 0, 90],
			"translation": [0, -3.25, 0]
		},
		"gui": {
			"rotation": [0, 90, 0],
			"translation": [0, -1.5, 0]
		}
	}
}