{
	"credit": "Made with Blockbench",
	"textures": {
		"0": "blocks/gift",
		"particle": "blocks/gift"
	},
	"elements": [
		{
			"from": [7, 5, 6],
			"to": [9, 7, 10],
			"faces": {
				"north": {"uv": [9, 10.5, 11, 12.5], "texture": "#0"},
				"east": {"uv": [9, 10.5, 13, 12.5], "texture": "#0"},
				"south": {"uv": [9, 10.5, 11, 12.5], "texture": "#0"},
				"west": {"uv": [9, 10.5, 13, 12.5], "texture": "#0"},
				"up": {"uv": [9, 10.5, 11, 14.5], "texture": "#0"},
				"down": {"uv": [9, 10.5, 11, 14.5], "texture": "#0"}
			}
		},
		{
			"from": [7.5, 4.9, 5.925],
			"to": [8.5, 7.1, 10.075],
			"faces": {
				"north": {"uv": [1.5, 4, 2.5, 6.2], "texture": "#0"},
				"east": {"uv": [1.5, 2, 5.65, 4.2], "texture": "#0"},
				"south": {"uv": [1.5, 4, 2.5, 6.2], "texture": "#0"},
				"west": {"uv": [1.5, 2, 5.65, 4.2], "texture": "#0"},
				"up": {"uv": [1.5, 2, 2.5, 6.15], "texture": "#0"},
				"down": {"uv": [1.5, 2, 2.5, 6.15], "texture": "#0"}
			}
		},
		{
			"from": [6.9, 5.5, 5.9],
			"to": [9.1, 6.5, 10.1],
			"faces": {
				"north": {"uv": [1.5, 4, 3.7, 5], "texture": "#0"},
				"east": {"uv": [1.5, 4, 5.7, 5], "texture": "#0"},
				"south": {"uv": [1.5, 4, 3.7, 5], "texture": "#0"},
				"west": {"uv": [1.5, 4, 5.7, 5], "texture": "#0"},
				"up": {"uv": [1.5, 2.5, 3.7, 6.7], "texture": "#0"},
				"down": {"uv": [1.5, 2.5, 3.7, 6.7], "texture": "#0"}
			}
		},
		{
			"from": [7.9, 5.7, 5.8],
			"to": [8.1, 6.4, 5.9],
			"faces": {
				"north": {"uv": [4, 4.5, 4.1, 5.2], "texture": "#0"},
				"east": {"uv": [4, 4.5, 4.1, 5.2], "texture": "#0"},
				"south": {"uv": [4, 4.5, 4.1, 5.2], "texture": "#0"},
				"west": {"uv": [4, 4.5, 4.1, 5.2], "texture": "#0"},
				"up": {"uv": [4, 4.5, 4.1, 5.2], "texture": "#0"},
				"down": {"uv": [4, 4.5, 4.1, 5.2], "texture": "#0"}
			}
		},
		{
			"from": [7.9, 4.9, 10.7],
			"to": [8.1, 5.8, 11],
			"faces": {
				"north": {"uv": [9, 10.5, 9.3, 11.4], "texture": "#0"},
				"east": {"uv": [9, 10.5, 9.3, 11.4], "texture": "#0"},
				"south": {"uv": [9, 10.5, 9.3, 11.4], "texture": "#0"},
				"west": {"uv": [9, 10.5, 9.3, 11.4], "texture": "#0"},
				"up": {"uv": [9, 10.5, 9.3, 11.4], "texture": "#0"},
				"down": {"uv": [9, 10.5, 9.3, 11.4], "texture": "#0"}
			}
		},
		{
			"from": [7.925, 5.8, 10.6],
			"to": [8.075, 6.3, 10.825],
			"faces": {
				"north": {"uv": [3, 4, 3.225, 4.5], "texture": "#0"},
				"east": {"uv": [3, 4, 3.225, 4.5], "texture": "#0"},
				"south": {"uv": [3, 4, 3.225, 4.5], "texture": "#0"},
				"west": {"uv": [3, 4, 3.225, 4.5], "texture": "#0"},
				"up": {"uv": [3, 4, 3.225, 4.5], "texture": "#0"},
				"down": {"uv": [3, 4, 3.225, 4.5], "texture": "#0"}
			}
		},
		{
			"from": [7.9, 5, 11],
			"to": [8.1, 5.6, 11.3],
			"faces": {
				"north": {"uv": [11.5, 10.5, 11.8, 11.1], "texture": "#0"},
				"east": {"uv": [11.5, 10.5, 11.8, 11.1], "texture": "#0"},
				"south": {"uv": [11.5, 10.5, 11.8, 11.1], "texture": "#0"},
				"west": {"uv": [11.5, 10.5, 11.8, 11.1], "texture": "#0"},
				"up": {"uv": [11.5, 10.5, 11.8, 11.1], "texture": "#0"},
				"down": {"uv": [11.5, 10.5, 11.8, 11.1], "texture": "#0"}
			}
		},
		{
			"from": [7.9, 6.5, 11],
			"to": [8.1, 7.1, 11.3],
			"faces": {
				"north": {"uv": [10.5, 10.5, 10.8, 11.1], "texture": "#0"},
				"east": {"uv": [10.5, 10.5, 10.8, 11.1], "texture": "#0"},
				"south": {"uv": [10.5, 10.5, 10.8, 11.1], "texture": "#0"},
				"west": {"uv": [10.5, 10.5, 10.8, 11.1], "texture": "#0"},
				"up": {"uv": [10.5, 10.5, 10.8, 11.1], "texture": "#0"},
				"down": {"uv": [10.5, 10.5, 10.8, 11.1], "texture": "#0"}
			}
		},
		{
			"from": [7.9, 6.3, 10.7],
			"to": [8.1, 7.2, 11],
			"faces": {
				"north": {"uv": [10.5, 11, 10.8, 11.9], "texture": "#0"},
				"east": {"uv": [10.5, 11, 10.8, 11.9], "texture": "#0"},
				"south": {"uv": [10.5, 11, 10.8, 11.9], "texture": "#0"},
				"west": {"uv": [10.5, 11, 10.8, 11.9], "texture": "#0"},
				"up": {"uv": [10.5, 11, 10.8, 11.9], "texture": "#0"},
				"down": {"uv": [10.5, 11, 10.8, 11.9], "texture": "#0"}
			}
		},
		{
			"from": [7.9, 5.2, 10.4],
			"to": [8.1, 6.9, 10.7],
			"faces": {
				"north": {"uv": [10.5, 11, 10.8, 12.7], "texture": "#0"},
				"east": {"uv": [10.5, 11, 10.8, 12.7], "texture": "#0"},
				"south": {"uv": [10.5, 11, 10.8, 12.7], "texture": "#0"},
				"west": {"uv": [10.5, 11, 10.8, 12.7], "texture": "#0"},
				"up": {"uv": [10.5, 11, 10.8, 12.7], "texture": "#0"},
				"down": {"uv": [10.5, 11, 10.8, 12.7], "texture": "#0"}
			}
		},
		{
			"from": [7.9, 5.5, 10.2],
			"to": [8.1, 6.6, 10.4],
			"faces": {
				"north": {"uv": [4, 4.5, 4.2, 5.6], "texture": "#0"},
				"east": {"uv": [4, 4.5, 4.2, 5.6], "texture": "#0"},
				"south": {"uv": [4, 4.5, 4.2, 5.6], "texture": "#0"},
				"west": {"uv": [4, 4.5, 4.2, 5.6], "texture": "#0"},
				"up": {"uv": [4, 4.5, 4.2, 5.6], "texture": "#0"},
				"down": {"uv": [4, 4.5, 4.2, 5.6], "texture": "#0"}
			}
		},
		{
			"from": [7.9, 5.7, 10.1],
			"to": [8.1, 6.4, 10.2],
			"faces": {
				"north": {"uv": [5, 4.5, 5.1, 5.2], "texture": "#0"},
				"east": {"uv": [5, 4.5, 5.1, 5.2], "texture": "#0"},
				"south": {"uv": [5, 4.5, 5.1, 5.2], "texture": "#0"},
				"west": {"uv": [5, 4.5, 5.1, 5.2], "texture": "#0"},
				"up": {"uv": [5, 4.5, 5.1, 5.2], "texture": "#0"},
				"down": {"uv": [5, 4.5, 5.1, 5.2], "texture": "#0"}
			}
		},
		{
			"from": [7.9, 5.5, 5.6],
			"to": [8.1, 6.6, 5.8],
			"faces": {
				"north": {"uv": [3.5, 4.5, 3.7, 5.6], "texture": "#0"},
				"east": {"uv": [3.5, 4.5, 3.7, 5.6], "texture": "#0"},
				"south": {"uv": [3.5, 4.5, 3.7, 5.6], "texture": "#0"},
				"west": {"uv": [3.5, 4.5, 3.7, 5.6], "texture": "#0"},
				"up": {"uv": [3.5, 4.5, 3.7, 5.6], "texture": "#0"},
				"down": {"uv": [3.5, 4.5, 3.7, 5.6], "texture": "#0"}
			}
		},
		{
			"from": [7.9, 5.2, 5.3],
			"to": [8.1, 6.9, 5.6],
			"faces": {
				"north": {"uv": [10.5, 11, 10.8, 12.7], "texture": "#0"},
				"east": {"uv": [10.5, 11, 10.8, 12.7], "texture": "#0"},
				"south": {"uv": [10.5, 11, 10.8, 12.7], "texture": "#0"},
				"west": {"uv": [10.5, 11, 10.8, 12.7], "texture": "#0"},
				"up": {"uv": [10.5, 11, 10.8, 12.7], "texture": "#0"},
				"down": {"uv": [10.5, 11, 10.8, 12.7], "texture": "#0"}
			}
		},
		{
			"from": [7.9, 6.3, 5],
			"to": [8.1, 7.2, 5.3],
			"faces": {
				"north": {"uv": [10.5, 11, 10.8, 11.9], "texture": "#0"},
				"east": {"uv": [10.5, 11, 10.8, 11.9], "texture": "#0"},
				"south": {"uv": [10.5, 11, 10.8, 11.9], "texture": "#0"},
				"west": {"uv": [10.5, 11, 10.8, 11.9], "texture": "#0"},
				"up": {"uv": [10.5, 11, 10.8, 11.9], "texture": "#0"},
				"down": {"uv": [10.5, 11, 10.8, 11.9], "texture": "#0"}
			}
		},
		{
			"from": [7.9, 6.5, 4.7],
			"to": [8.1, 7.1, 5],
			"faces": {
				"north": {"uv": [10.5, 10.5, 10.8, 11.1], "texture": "#0"},
				"east": {"uv": [10.5, 10.5, 10.8, 11.1], "texture": "#0"},
				"south": {"uv": [10.5, 10.5, 10.8, 11.1], "texture": "#0"},
				"west": {"uv": [10.5, 10.5, 10.8, 11.1], "texture": "#0"},
				"up": {"uv": [10.5, 10.5, 10.8, 11.1], "texture": "#0"},
				"down": {"uv": [10.5, 10.5, 10.8, 11.1], "texture": "#0"}
			}
		},
		{
			"from": [7.9, 5, 4.7],
			"to": [8.1, 5.6, 5],
			"faces": {
				"north": {"uv": [11.5, 10.5, 11.8, 11.1], "texture": "#0"},
				"east": {"uv": [11.5, 10.5, 11.8, 11.1], "texture": "#0"},
				"south": {"uv": [11.5, 10.5, 11.8, 11.1], "texture": "#0"},
				"west": {"uv": [11.5, 10.5, 11.8, 11.1], "texture": "#0"},
				"up": {"uv": [11.5, 10.5, 11.8, 11.1], "texture": "#0"},
				"down": {"uv": [11.5, 10.5, 11.8, 11.1], "texture": "#0"}
			}
		},
		{
			"from": [7.925, 5.8, 5.175],
			"to": [8.075, 6.3, 5.4],
			"faces": {
				"north": {"uv": [3, 4, 3.225, 4.5], "texture": "#0"},
				"east": {"uv": [3, 4, 3.225, 4.5], "texture": "#0"},
				"south": {"uv": [3, 4, 3.225, 4.5], "texture": "#0"},
				"west": {"uv": [3, 4, 3.225, 4.5], "texture": "#0"},
				"up": {"uv": [3, 4, 3.225, 4.5], "texture": "#0"},
				"down": {"uv": [3, 4, 3.225, 4.5], "texture": "#0"}
			}
		},
		{
			"from": [7.9, 4.9, 5],
			"to": [8.1, 5.8, 5.3],
			"faces": {
				"north": {"uv": [9, 10.5, 9.3, 11.4], "texture": "#0"},
				"east": {"uv": [9, 10.5, 9.3, 11.4], "texture": "#0"},
				"south": {"uv": [9, 10.5, 9.3, 11.4], "texture": "#0"},
				"west": {"uv": [9, 10.5, 9.3, 11.4], "texture": "#0"},
				"up": {"uv": [9, 10.5, 9.3, 11.4], "texture": "#0"},
				"down": {"uv": [9, 10.5, 9.3, 11.4], "texture": "#0"}
			}
		}
	],
	"display": {
		"thirdperson_righthand": {
			"rotation": [0, 105, 0],
			"translation": [-1.25, 2, 0],
			"scale": [0.72, 0.72, 0.72]
		},
		"thirdperson_lefthand": {
			"rotation": [0, 112, 0],
			"translation": [-1.5, 2, 0],
			"scale": [0.72, 0.72, 0.72]
		},
		"firstperson_righthand": {
			"rotation": [8, 62, 0],
			"translation": [0, 5.25, 0],
			"scale": [1.33, 1.33, 1.33]
		},
		"gui": {
			"rotation": [31, 113, 0],
			"translation": [0, 3.5, 0],
			"scale": [2.27, 2.27, 2.27]
		}
	}
}