{
	"credit": "Made with Blockbench",
	"textures": {
		"0": "blocks/dollar"
	},
	"elements": [
		{
			"name": "dollar_0",
			"from": [0, 0.2, 4],
			"to": [16, 0.3, 12],
			"faces": {
				"north": {"uv": [16, 4, 0, 5], "texture": "#0"},
				"east": {"uv": [15, 4, 16, 12], "rotation": 90, "texture": "#0"},
				"south": {"uv": [0, 11, 16, 12], "texture": "#0"},
				"west": {"uv": [0, 4, 1, 12], "rotation": 270, "texture": "#0"},
				"up": {"uv": [0, 4, 16, 12], "texture": "#0"},
				"down": {"uv": [0, 12, 16, 4], "texture": "#0"}
			}
		}
	],
	"display": {
		"thirdperson_righthand": {
			"rotation": [80, 12, -6],
			"translation": [-1.25, 1.25, 2.5],
			"scale": [0.25, 0.25, 0.25]
		},
		"thirdperson_lefthand": {
			"rotation": [85, 18, 4],
			"translation": [-1.75, 1, 2.5],
			"scale": [0.25, 0.25, 0.25]
		},
		"firstperson_righthand": {
			"rotation": [63, -1, 0],
			"translation": [6.5, 2.25, 0],
			"scale": [0.7, 0.7, 0.7]
		},
		"ground": {
			"translation": [0, -1.25, 0],
			"scale": [0.25, 0.25, 0.25]
		},
		"gui": {
			"rotation": [90, 0, 0],
			"translation": [0, 0.25, 0],
			"scale": [0.88, 0.88, 0.88]
		},
		"fixed": {
			"rotation": [90, 0, 180],
			"translation": [0, 0, -7.75]
		}
	},
	"groups": [
		{
			"name": "dollar",
			"origin": [8, 8, 8],
			"children": [0]
		}
	]
}