{
	"credit": "NZ",
	"textures": {
		"0": "blocks/tools",
		"particle": "blocks/tools"
	},
	"elements": [
		{
			"from": [7, 0.3, 8.1],
			"to": [7.9, 4.3, 8.9],
			"faces": {
				"north": {"uv": [5.25, 0, 6.05, 4], "texture": "#0"},
				"east": {"uv": [5.25, 0, 6.05, 4], "texture": "#0"},
				"south": {"uv": [5.25, 0, 6.05, 4], "texture": "#0"},
				"west": {"uv": [5.25, 0, 6.05, 4], "texture": "#0"},
				"up": {"uv": [5.25, 1.25, 6.15, 2.05], "texture": "#0"},
				"down": {"uv": [5.25, 1.25, 6.15, 2.05], "texture": "#0"}
			}
		},
		{
			"from": [7, 4.3, 8],
			"to": [7.8, 6.1, 8.7],
			"faces": {
				"north": {"uv": [5, 1.25, 5.8, 3.05], "texture": "#0"},
				"east": {"uv": [5, 1.25, 5.8, 3.05], "texture": "#0"},
				"south": {"uv": [5, 1.25, 5.8, 3.05], "texture": "#0"},
				"west": {"uv": [5, 1.25, 5.8, 3.05], "texture": "#0"},
				"up": {"uv": [5.5, 2, 6.3, 2.7], "texture": "#0"},
				"down": {"uv": [5.5, 2, 6.3, 2.7], "texture": "#0"}
			}
		},
		{
			"from": [7.1, 4.3, 7.9],
			"to": [7.7, 6.2, 8.8],
			"faces": {
				"north": {"uv": [5, 1.25, 5.8, 3.05], "texture": "#0"},
				"east": {"uv": [5, 1.25, 5.8, 3.05], "texture": "#0"},
				"south": {"uv": [5, 1.25, 5.8, 3.05], "texture": "#0"},
				"west": {"uv": [5, 1.25, 5.8, 3.05], "texture": "#0"},
				"up": {"uv": [5.5, 2, 6.3, 2.7], "texture": "#0"},
				"down": {"uv": [5.5, 2, 6.3, 2.7], "texture": "#0"}
			}
		},
		{
			"from": [6.9, 6.1, 8.2],
			"to": [7.6, 9.9, 8.8],
			"faces": {
				"north": {"uv": [5.25, 0, 5.95, 3.8], "texture": "#0"},
				"east": {"uv": [5.25, 0, 5.95, 3.8], "texture": "#0"},
				"south": {"uv": [5.25, 0, 5.95, 3.8], "texture": "#0"},
				"west": {"uv": [5.25, 0, 5.95, 3.8], "texture": "#0"},
				"up": {"uv": [5.75, 1.5, 6.45, 2.1], "texture": "#0"},
				"down": {"uv": [5.75, 1.5, 6.45, 2.1], "texture": "#0"}
			}
		},
		{
			"from": [7.075, 0.1, 8],
			"to": [7.775, 3.9, 9],
			"faces": {
				"north": {"uv": [5.5, 0, 6.5, 3.8], "texture": "#0"},
				"east": {"uv": [5.5, 0, 6.5, 3.8], "texture": "#0"},
				"south": {"uv": [5.5, 0, 6.5, 3.8], "texture": "#0"},
				"west": {"uv": [5.5, 0, 6.5, 3.8], "texture": "#0"},
				"up": {"uv": [5.5, 1.75, 6.2, 2.75], "texture": "#0"},
				"down": {"uv": [5.5, 1.75, 6.2, 2.75], "texture": "#0"}
			}
		},
		{
			"from": [7.1, 7, 7.3],
			"to": [7.3, 8.8, 7.4],
			"rotation": {"angle": 22.5, "axis": "x", "origin": [8, 4, 8]},
			"faces": {
				"north": {"uv": [6, 1, 6.2, 2.8], "texture": "#0"},
				"east": {"uv": [6, 1, 6.2, 2.8], "texture": "#0"},
				"south": {"uv": [6, 1, 6.2, 2.8], "texture": "#0"},
				"west": {"uv": [6, 1, 6.2, 2.8], "texture": "#0"},
				"up": {"uv": [6, 1.75, 6.2, 1.85], "texture": "#0"},
				"down": {"uv": [6, 1, 6.2, 2.8], "texture": "#0"}
			}
		},
		{
			"from": [7.5, 4.5, 8.2],
			"to": [7.7, 6.3, 8.3],
			"rotation": {"angle": -22.5, "axis": "x", "origin": [8, 4, 8]},
			"faces": {
				"north": {"uv": [5.5, 1, 5.6, 2.8], "texture": "#0"},
				"east": {"uv": [5.5, 1, 5.6, 2.8], "texture": "#0"},
				"south": {"uv": [5.5, 1, 5.6, 2.8], "texture": "#0"},
				"west": {"uv": [5.5, 1, 5.6, 2.8], "texture": "#0"},
				"up": {"uv": [6, 1.75, 6.2, 1.85], "texture": "#0"},
				"down": {"uv": [5.5, 1, 5.6, 2.8], "texture": "#0"}
			}
		}
	],
	"display": {
		"thirdperson_righthand": {
			"translation": [0, 7.25, 0.5],
			"scale": [1.5, 1.5, 1.5]
		},
		"thirdperson_lefthand": {
			"translation": [-1.5, 7.5, 0.25],
			"scale": [1.5, 1.5, 1.5]
		},
		"firstperson_righthand": {
			"rotation": [-11, 18, 0],
			"translation": [0, 9.25, 3]
		},
		"firstperson_lefthand": {
			"rotation": [-3, 0, 0],
			"translation": [0, 9.25, 2.5]
		},
		"ground": {
			"rotation": [0, 0, 90],
			"translation": [0, -2.75, 0]
		},
		"gui": {
			"rotation": [0, 90, 0],
			"translation": [0, 6, 0],
			"scale": [1.5, 1.5, 1.5]
		}
	}
}