{
	"credit": "NZ",
	"textures": {
		"0": "blocks/tools",
		"particle": "blocks/tools"
	},
	"elements": [
		{
			"from": [7, 0, 8.1],
			"to": [7.6, 3, 8.7],
			"faces": {
				"north": {"uv": [9.5, 0, 10.3, 4], "texture": "#0"},
				"east": {"uv": [8.5, 0, 9.3, 4], "texture": "#0"},
				"south": {"uv": [9.5, 0, 10.3, 4], "texture": "#0"},
				"west": {"uv": [9.5, 0, 10.3, 4], "texture": "#0"},
				"up": {"uv": [10, 1.25, 10.6, 1.85], "texture": "#0"},
				"down": {"uv": [9.75, 2, 10.35, 2.6], "texture": "#0"}
			}
		},
		{
			"from": [7.1, 2.9, 8.2],
			"to": [7.5, 4.9, 8.6],
			"faces": {
				"north": {"uv": [13.5, 0, 13.9, 4], "texture": "#0"},
				"east": {"uv": [13.5, 0, 13.9, 4], "texture": "#0"},
				"south": {"uv": [13.5, 0, 13.9, 4], "texture": "#0"},
				"west": {"uv": [13.5, 0, 13.9, 4], "texture": "#0"},
				"up": {"uv": [14.5, 1.5, 14.9, 1.9], "texture": "#0"},
				"down": {"uv": [13.5, 0, 13.9, 4], "texture": "#0"}
			}
		},
		{
			"from": [6.1, 4.975, 8.375],
			"to": [8.5, 7.325, 8.525],
			"faces": {
				"north": {"uv": [12.5, 0.5, 14.9, 2.85], "texture": "#0"},
				"east": {"uv": [13.5, 0, 13.9, 4], "texture": "#0"},
				"south": {"uv": [12.75, 1, 15.15, 3.35], "texture": "#0"},
				"west": {"uv": [13.5, 0, 13.9, 4], "texture": "#0"},
				"up": {"uv": [14.5, 1.5, 14.9, 1.9], "texture": "#0"},
				"down": {"uv": [13.5, 0, 13.9, 4], "texture": "#0"}
			}
		},
		{
			"from": [8.4, 4.875, 8.25],
			"to": [8.625, 7.125, 8.5],
			"faces": {
				"north": {"uv": [14, 0.5, 14.25, 2.85], "texture": "#0"},
				"east": {"uv": [14, 0.5, 14.25, 2.85], "texture": "#0"},
				"south": {"uv": [14, 0.5, 14.25, 2.85], "texture": "#0"},
				"west": {"uv": [14, 0.5, 14.25, 2.85], "texture": "#0"},
				"up": {"uv": [12.75, 1.75, 12.975, 2], "texture": "#0"},
				"down": {"uv": [14, 0.5, 14.25, 2.85], "texture": "#0"}
			}
		},
		{
			"from": [6, 4.875, 8.25],
			"to": [6.225, 7.125, 8.5],
			"faces": {
				"north": {"uv": [13.5, 0, 13.9, 4], "texture": "#0"},
				"east": {"uv": [13.5, 0, 13.9, 4], "texture": "#0"},
				"south": {"uv": [13.5, 0, 13.9, 4], "texture": "#0"},
				"west": {"uv": [13.5, 0, 13.9, 4], "texture": "#0"},
				"up": {"uv": [14.5, 1.5, 14.9, 1.9], "texture": "#0"},
				"down": {"uv": [13.5, 0, 13.9, 4], "texture": "#0"}
			}
		},
		{
			"from": [6, 4.825, 8.275],
			"to": [8.6, 4.975, 8.425],
			"faces": {
				"north": {"uv": [13, 1.5, 15.6, 1.65], "texture": "#0"},
				"east": {"uv": [13, 1.5, 15.6, 1.65], "texture": "#0"},
				"south": {"uv": [13, 1.5, 15.6, 1.65], "texture": "#0"},
				"west": {"uv": [13, 1.5, 15.6, 1.65], "texture": "#0"},
				"up": {"uv": [13, 1.5, 15.6, 1.65], "texture": "#0"},
				"down": {"uv": [13, 1.5, 15.6, 1.65], "texture": "#0"}
			}
		}
	],
	"display": {
		"thirdperson_righthand": {
			"rotation": [0, 180, 0],
			"translation": [-1.75, 8, 1.5],
			"scale": [1.5, 1.5, 1.5]
		},
		"thirdperson_lefthand": {
			"rotation": [0, 180, 0],
			"translation": [0.25, 7.75, 1.5],
			"scale": [1.5, 1.5, 1.5]
		},
		"firstperson_righthand": {
			"rotation": [-34, 180, 0],
			"translation": [0, 13.25, -2.75],
			"scale": [2, 2, 2]
		},
		"firstperson_lefthand": {
			"translation": [1.75, -0.75, 1.25]
		},
		"ground": {
			"rotation": [91, 0, 0],
			"translation": [0, -3.25, 1.25]
		},
		"gui": {
			"translation": [1, 8.75, 0],
			"scale": [2, 2, 2]
		}
	}
}